folder_path,image_id,class,purpose
Training/Fire,fire1.jpg,fire,train
Training/Fire,fire10.jpg,fire,val
Training/Fire,fire100.jpg,fire,val
Training/Fire,fire1000.jpg,fire,train
Training/Fire,fire1001.jpg,fire,val
Training/Fire,fire1002.jpg,fire,train
Training/Fire,fire1003.jpg,fire,train
Training/Fire,fire1004.jpg,fire,val
Training/Fire,fire1005.jpg,fire,val
Training/Fire,fire1006.jpg,fire,val
Training/Fire,fire1007.jpg,fire,train
Training/Fire,fire1008.jpg,fire,val
Training/Fire,fire1009.jpg,fire,val
Training/Fire,fire101.jpg,fire,train
Training/Fire,fire1010.jpg,fire,train
Training/Fire,fire1011.jpg,fire,val
Training/Fire,fire1012.jpg,fire,train
Training/Fire,fire1013.jpg,fire,train
Training/Fire,fire1014.jpg,fire,train
Training/Fire,fire1015.jpg,fire,val
Training/Fire,fire1016.jpg,fire,val
Training/Fire,fire1017.jpg,fire,train
Training/Fire,fire1018.jpg,fire,val
Training/Fire,fire1019.jpg,fire,train
Training/Fire,fire102.jpg,fire,train
Training/Fire,fire1020.jpg,fire,train
Training/Fire,fire1021.jpg,fire,train
Training/Fire,fire1022.jpg,fire,train
Training/Fire,fire1023.jpg,fire,train
Training/Fire,fire1024.jpg,fire,train
Training/Fire,fire1025.jpg,fire,val
Training/Fire,fire1026.jpg,fire,train
Training/Fire,fire1027.jpg,fire,train
Training/Fire,fire1028.jpg,fire,train
Training/Fire,fire1029.jpg,fire,val
Training/Fire,fire103.jpg,fire,train
Training/Fire,fire1030.jpg,fire,val
Training/Fire,fire1031.jpg,fire,val
Training/Fire,fire1032.jpg,fire,val
Training/Fire,fire1033.jpg,fire,val
Training/Fire,fire1034.jpg,fire,train
Training/Fire,fire1035.jpg,fire,train
Training/Fire,fire1036.jpg,fire,train
Training/Fire,fire1037.jpg,fire,train
Training/Fire,fire1038.jpg,fire,train
Training/Fire,fire1039.jpg,fire,train
Training/Fire,fire104.jpg,fire,train
Training/Fire,fire1040.jpg,fire,train
Training/Fire,fire1041.jpg,fire,val
Training/Fire,fire1042.jpg,fire,train
Training/Fire,fire1043.jpg,fire,train
Training/Fire,fire1044.jpg,fire,val
Training/Fire,fire1045.jpg,fire,val
Training/Fire,fire1046.jpg,fire,train
Training/Fire,fire1047.jpg,fire,train
Training/Fire,fire1048.jpg,fire,train
Training/Fire,fire1049.jpg,fire,train
Training/Fire,fire105.jpg,fire,train
Training/Fire,fire1050.jpg,fire,val
Training/Fire,fire1051.jpg,fire,train
Training/Fire,fire1052.jpg,fire,train
Training/Fire,fire1053.jpg,fire,train
Training/Fire,fire1054.jpg,fire,val
Training/Fire,fire1055.jpg,fire,train
Training/Fire,fire1056.jpg,fire,train
Training/Fire,fire1057.jpg,fire,val
Training/Fire,fire1058.jpg,fire,train
Training/Fire,fire1059.jpg,fire,train
Training/Fire,fire106.jpg,fire,train
Training/Fire,fire1060.jpg,fire,val
Training/Fire,fire1061.jpg,fire,train
Training/Fire,fire1062.jpg,fire,train
Training/Fire,fire1063.jpg,fire,train
Training/Fire,fire1064.jpg,fire,val
Training/Fire,fire1065.jpg,fire,train
Training/Fire,fire1066.jpg,fire,val
Training/Fire,fire1067.jpg,fire,train
Training/Fire,fire1068.jpg,fire,train
Training/Fire,fire1069.jpg,fire,val
Training/Fire,fire107.jpg,fire,val
Training/Fire,fire1070.jpg,fire,val
Training/Fire,fire1071.jpg,fire,train
Training/Fire,fire1072.jpg,fire,train
Training/Fire,fire1073.jpg,fire,train
Training/Fire,fire1074.jpg,fire,train
Training/Fire,fire1075.jpg,fire,val
Training/Fire,fire1076.jpg,fire,train
Training/Fire,fire1077.jpg,fire,train
Training/Fire,fire1078.jpg,fire,train
Training/Fire,fire1079.jpg,fire,train
Training/Fire,fire108.jpg,fire,val
Training/Fire,fire1080.jpg,fire,train
Training/Fire,fire1081.jpg,fire,train
Training/Fire,fire1082.jpg,fire,val
Training/Fire,fire1083.jpg,fire,train
Training/Fire,fire1084.jpg,fire,val
Training/Fire,fire1085.jpg,fire,train
Training/Fire,fire1086.jpg,fire,val
Training/Fire,fire1087.jpg,fire,train
Training/Fire,fire1088.jpg,fire,val
Training/Fire,fire1089.jpg,fire,train
Training/Fire,fire109.jpg,fire,train
Training/Fire,fire1090.jpg,fire,train
Training/Fire,fire1091.jpg,fire,train
Training/Fire,fire1092.jpg,fire,val
Training/Fire,fire1093.jpg,fire,train
Training/Fire,fire1094.jpg,fire,train
Training/Fire,fire1095.jpg,fire,train
Training/Fire,fire1096.jpg,fire,train
Training/Fire,fire1097.jpg,fire,val
Training/Fire,fire1098.jpg,fire,train
Training/Fire,fire1099.jpg,fire,val
Training/Fire,fire11.jpg,fire,train
Training/Fire,fire110.jpg,fire,train
Training/Fire,fire1100.jpg,fire,val
Training/Fire,fire1101.jpg,fire,val
Training/Fire,fire1102.jpg,fire,train
Training/Fire,fire1103.jpg,fire,train
Training/Fire,fire1104.jpg,fire,train
Training/Fire,fire1105.jpg,fire,train
Training/Fire,fire1106.jpg,fire,val
Training/Fire,fire1107.jpg,fire,train
Training/Fire,fire1108.jpg,fire,train
Training/Fire,fire1109.jpg,fire,train
Training/Fire,fire111.jpg,fire,train
Training/Fire,fire1110.jpg,fire,train
Training/Fire,fire1111.jpg,fire,val
Training/Fire,fire1112.jpg,fire,train
Training/Fire,fire1113.jpg,fire,train
Training/Fire,fire1114.jpg,fire,val
Training/Fire,fire1115.jpg,fire,val
Training/Fire,fire1116.jpg,fire,train
Training/Fire,fire1117.jpg,fire,train
Training/Fire,fire1118.jpg,fire,train
Training/Fire,fire1119.jpg,fire,train
Training/Fire,fire112.jpg,fire,train
Training/Fire,fire1120.jpg,fire,train
Training/Fire,fire1121.jpg,fire,train
Training/Fire,fire1122.jpg,fire,train
Training/Fire,fire1123.jpg,fire,train
Training/Fire,fire1124.jpg,fire,val
Training/Fire,fire113.jpg,fire,train
Training/Fire,fire114.jpg,fire,val
Training/Fire,fire115.jpg,fire,val
Training/Fire,fire116.jpg,fire,train
Training/Fire,fire117.jpg,fire,val
Training/Fire,fire118.jpg,fire,train
Training/Fire,fire119.jpg,fire,train
Training/Fire,fire12.jpg,fire,train
Training/Fire,fire120.jpg,fire,train
Training/Fire,fire121.jpg,fire,train
Training/Fire,fire122.jpg,fire,train
Training/Fire,fire123.jpg,fire,train
Training/Fire,fire124.jpg,fire,val
Training/Fire,fire125.jpg,fire,train
Training/Fire,fire126.jpg,fire,val
Training/Fire,fire127.jpg,fire,val
Training/Fire,fire128.jpg,fire,train
Training/Fire,fire129.jpg,fire,train
Training/Fire,fire13.jpg,fire,val
Training/Fire,fire130.jpg,fire,train
Training/Fire,fire131.jpg,fire,val
Training/Fire,fire132.jpg,fire,train
Training/Fire,fire133.jpg,fire,train
Training/Fire,fire134.jpg,fire,val
Training/Fire,fire135.jpg,fire,train
Training/Fire,fire136.jpg,fire,train
Training/Fire,fire137.jpg,fire,val
Training/Fire,fire138.jpg,fire,train
Training/Fire,fire139.jpg,fire,val
Training/Fire,fire14.jpg,fire,train
Training/Fire,fire140.jpg,fire,val
Training/Fire,fire141.jpg,fire,val
Training/Fire,fire142.jpg,fire,train
Training/Fire,fire143.jpg,fire,train
Training/Fire,fire144.jpg,fire,val
Training/Fire,fire145.jpg,fire,train
Training/Fire,fire146.jpg,fire,val
Training/Fire,fire147.jpg,fire,train
Training/Fire,fire148.jpg,fire,train
Training/Fire,fire149.jpg,fire,train
Training/Fire,fire15.jpg,fire,train
Training/Fire,fire150.jpg,fire,train
Training/Fire,fire151.jpg,fire,train
Training/Fire,fire152.jpg,fire,val
Training/Fire,fire153.jpg,fire,train
Training/Fire,fire154.jpg,fire,val
Training/Fire,fire155.jpg,fire,train
Training/Fire,fire156.jpg,fire,train
Training/Fire,fire157.jpg,fire,val
Training/Fire,fire158.jpg,fire,train
Training/Fire,fire159.jpg,fire,val
Training/Fire,fire16.jpg,fire,train
Training/Fire,fire160.jpg,fire,train
Training/Fire,fire161.jpg,fire,train
Training/Fire,fire162.jpg,fire,train
Training/Fire,fire163.jpg,fire,train
Training/Fire,fire164.jpg,fire,train
Training/Fire,fire165.jpg,fire,train
Training/Fire,fire166.jpg,fire,train
Training/Fire,fire167.jpg,fire,train
Training/Fire,fire168.jpg,fire,train
Training/Fire,fire169.jpg,fire,train
Training/Fire,fire17.jpg,fire,train
Training/Fire,fire170.jpg,fire,train
Training/Fire,fire171.jpg,fire,train
Training/Fire,fire172.jpg,fire,train
Training/Fire,fire173.jpg,fire,train
Training/Fire,fire174.jpg,fire,train
Training/Fire,fire175.jpg,fire,train
Training/Fire,fire176.jpg,fire,val
Training/Fire,fire177.jpg,fire,train
Training/Fire,fire178.jpg,fire,train
Training/Fire,fire179.jpg,fire,train
Training/Fire,fire18.jpg,fire,val
Training/Fire,fire180.jpg,fire,val
Training/Fire,fire181.jpg,fire,train
Training/Fire,fire182.jpg,fire,val
Training/Fire,fire183.jpg,fire,train
Training/Fire,fire184.jpg,fire,train
Training/Fire,fire185.jpg,fire,train
Training/Fire,fire186.jpg,fire,val
Training/Fire,fire187.jpg,fire,val
Training/Fire,fire188.jpg,fire,val
Training/Fire,fire189.jpg,fire,train
Training/Fire,fire19.jpg,fire,val
Training/Fire,fire190.jpg,fire,val
Training/Fire,fire191.jpg,fire,train
Training/Fire,fire192.jpg,fire,train
Training/Fire,fire193.jpg,fire,val
Training/Fire,fire194.jpg,fire,val
Training/Fire,fire195.jpg,fire,train
Training/Fire,fire196.jpg,fire,train
Training/Fire,fire197.jpg,fire,train
Training/Fire,fire198.jpg,fire,val
Training/Fire,fire199.jpg,fire,train
Training/Fire,fire2.jpg,fire,train
Training/Fire,fire20.jpg,fire,val
Training/Fire,fire200.jpg,fire,train
Training/Fire,fire201.jpg,fire,train
Training/Fire,fire202.jpg,fire,train
Training/Fire,fire203.jpg,fire,val
Training/Fire,fire204.jpg,fire,train
Training/Fire,fire205.jpg,fire,train
Training/Fire,fire206.jpg,fire,train
Training/Fire,fire207.jpg,fire,val
Training/Fire,fire208.jpg,fire,train
Training/Fire,fire209.jpg,fire,val
Training/Fire,fire21.jpg,fire,train
Training/Fire,fire210.jpg,fire,train
Training/Fire,fire211.jpg,fire,train
Training/Fire,fire212.jpg,fire,train
Training/Fire,fire213.jpg,fire,train
Training/Fire,fire214.jpg,fire,val
Training/Fire,fire215.jpg,fire,train
Training/Fire,fire216.jpg,fire,val
Training/Fire,fire217.jpg,fire,train
Training/Fire,fire218.jpg,fire,train
Training/Fire,fire219.jpg,fire,val
Training/Fire,fire22.jpg,fire,train
Training/Fire,fire220.jpg,fire,train
Training/Fire,fire221.jpg,fire,train
Training/Fire,fire222.jpg,fire,train
Training/Fire,fire223.jpg,fire,train
Training/Fire,fire224.jpg,fire,val
Training/Fire,fire225.jpg,fire,train
Training/Fire,fire226.jpg,fire,train
Training/Fire,fire227.jpg,fire,train
Training/Fire,fire228.jpg,fire,train
Training/Fire,fire229.jpg,fire,train
Training/Fire,fire23.jpg,fire,train
Training/Fire,fire230.jpg,fire,train
Training/Fire,fire231.jpg,fire,train
Training/Fire,fire232.jpg,fire,train
Training/Fire,fire233.jpg,fire,train
Training/Fire,fire234.jpg,fire,val
Training/Fire,fire235.jpg,fire,train
Training/Fire,fire236.jpg,fire,val
Training/Fire,fire237.jpg,fire,train
Training/Fire,fire238.jpg,fire,train
Training/Fire,fire239.jpg,fire,train
Training/Fire,fire24.jpg,fire,train
Training/Fire,fire240.jpg,fire,val
Training/Fire,fire241.jpg,fire,val
Training/Fire,fire242.jpg,fire,train
Training/Fire,fire243.jpg,fire,train
Training/Fire,fire244.jpg,fire,train
Training/Fire,fire245.jpg,fire,train
Training/Fire,fire246.jpg,fire,train
Training/Fire,fire247.jpg,fire,train
Training/Fire,fire248.jpg,fire,train
Training/Fire,fire249.jpg,fire,val
Training/Fire,fire25.jpg,fire,train
Training/Fire,fire250.jpg,fire,train
Training/Fire,fire251.jpg,fire,train
Training/Fire,fire252.jpg,fire,train
Training/Fire,fire253.jpg,fire,train
Training/Fire,fire254.jpg,fire,val
Training/Fire,fire255.jpg,fire,train
Training/Fire,fire256.jpg,fire,train
Training/Fire,fire257.jpg,fire,train
Training/Fire,fire258.jpg,fire,train
Training/Fire,fire259.jpg,fire,val
Training/Fire,fire26.jpg,fire,val
Training/Fire,fire260.jpg,fire,train
Training/Fire,fire261.jpg,fire,train
Training/Fire,fire262.jpg,fire,train
Training/Fire,fire263.jpg,fire,train
Training/Fire,fire264.jpg,fire,train
Training/Fire,fire265.jpg,fire,train
Training/Fire,fire266.jpg,fire,val
Training/Fire,fire267.jpg,fire,train
Training/Fire,fire268.jpg,fire,train
Training/Fire,fire269.jpg,fire,val
Training/Fire,fire27.jpg,fire,train
Training/Fire,fire270.jpg,fire,train
Training/Fire,fire271.jpg,fire,val
Training/Fire,fire272.jpg,fire,train
Training/Fire,fire273.jpg,fire,train
Training/Fire,fire274.jpg,fire,val
Training/Fire,fire275.jpg,fire,train
Training/Fire,fire276.jpg,fire,val
Training/Fire,fire277.jpg,fire,train
Training/Fire,fire278.jpg,fire,train
Training/Fire,fire279.jpg,fire,train
Training/Fire,fire28.jpg,fire,val
Training/Fire,fire280.jpg,fire,train
Training/Fire,fire281.jpg,fire,val
Training/Fire,fire282.jpg,fire,train
Training/Fire,fire283.jpg,fire,train
Training/Fire,fire284.jpg,fire,val
Training/Fire,fire285.jpg,fire,train
Training/Fire,fire286.jpg,fire,val
Training/Fire,fire287.jpg,fire,val
Training/Fire,fire288.jpg,fire,val
Training/Fire,fire289.jpg,fire,val
Training/Fire,fire29.jpg,fire,val
Training/Fire,fire290.jpg,fire,val
Training/Fire,fire291.jpg,fire,val
Training/Fire,fire292.jpg,fire,train
Training/Fire,fire293.jpg,fire,train
Training/Fire,fire294.jpg,fire,train
Training/Fire,fire295.jpg,fire,train
Training/Fire,fire296.jpg,fire,val
Training/Fire,fire297.jpg,fire,val
Training/Fire,fire298.jpg,fire,val
Training/Fire,fire299.jpg,fire,val
Training/Fire,fire3.jpg,fire,train
Training/Fire,fire30.jpg,fire,train
Training/Fire,fire300.jpg,fire,train
Training/Fire,fire301.jpg,fire,train
Training/Fire,fire302.jpg,fire,val
Training/Fire,fire303.jpg,fire,train
Training/Fire,fire304.jpg,fire,val
Training/Fire,fire305.jpg,fire,train
Training/Fire,fire306.jpg,fire,train
Training/Fire,fire307.jpg,fire,train
Training/Fire,fire308.jpg,fire,val
Training/Fire,fire309.jpg,fire,val
Training/Fire,fire31.jpg,fire,train
Training/Fire,fire310.jpg,fire,train
Training/Fire,fire311.jpg,fire,train
Training/Fire,fire312.jpg,fire,train
Training/Fire,fire313.jpg,fire,train
Training/Fire,fire314.jpg,fire,train
Training/Fire,fire315.jpg,fire,val
Training/Fire,fire316.jpg,fire,train
Training/Fire,fire317.jpg,fire,train
Training/Fire,fire318.jpg,fire,train
Training/Fire,fire319.jpg,fire,val
Training/Fire,fire32.jpg,fire,val
Training/Fire,fire320.jpg,fire,train
Training/Fire,fire321.jpg,fire,train
Training/Fire,fire322.jpg,fire,train
Training/Fire,fire323.jpg,fire,train
Training/Fire,fire324.jpg,fire,val
Training/Fire,fire325.jpg,fire,val
Training/Fire,fire326.jpg,fire,train
Training/Fire,fire327.jpg,fire,val
Training/Fire,fire328.jpg,fire,val
Training/Fire,fire329.jpg,fire,train
Training/Fire,fire33.jpg,fire,train
Training/Fire,fire330.jpg,fire,train
Training/Fire,fire331.jpg,fire,train
Training/Fire,fire332.jpg,fire,val
Training/Fire,fire333.jpg,fire,val
Training/Fire,fire334.jpg,fire,train
Training/Fire,fire335.jpg,fire,train
Training/Fire,fire336.jpg,fire,train
Training/Fire,fire337.jpg,fire,train
Training/Fire,fire338.jpg,fire,train
Training/Fire,fire339.jpg,fire,train
Training/Fire,fire34.jpg,fire,train
Training/Fire,fire340.jpg,fire,train
Training/Fire,fire341.jpg,fire,train
Training/Fire,fire342.jpg,fire,val
Training/Fire,fire343.jpg,fire,train
Training/Fire,fire344.jpg,fire,train
Training/Fire,fire345.jpg,fire,train
Training/Fire,fire346.jpg,fire,train
Training/Fire,fire347.jpg,fire,train
Training/Fire,fire348.jpg,fire,val
Training/Fire,fire349.jpg,fire,train
Training/Fire,fire35.jpg,fire,val
Training/Fire,fire350.jpg,fire,val
Training/Fire,fire351.jpg,fire,train
Training/Fire,fire352.jpg,fire,train
Training/Fire,fire353.jpg,fire,train
Training/Fire,fire354.jpg,fire,train
Training/Fire,fire355.jpg,fire,train
Training/Fire,fire356.jpg,fire,train
Training/Fire,fire357.jpg,fire,train
Training/Fire,fire358.jpg,fire,train
Training/Fire,fire359.jpg,fire,train
Training/Fire,fire36.jpg,fire,val
Training/Fire,fire360.jpg,fire,train
Training/Fire,fire361.jpg,fire,val
Training/Fire,fire362.jpg,fire,train
Training/Fire,fire363.jpg,fire,val
Training/Fire,fire364.jpg,fire,train
Training/Fire,fire365.jpg,fire,val
Training/Fire,fire366.jpg,fire,train
Training/Fire,fire367.jpg,fire,val
Training/Fire,fire368.jpg,fire,train
Training/Fire,fire369.jpg,fire,train
Training/Fire,fire37.jpg,fire,train
Training/Fire,fire370.jpg,fire,val
Training/Fire,fire371.jpg,fire,val
Training/Fire,fire372.jpg,fire,val
Training/Fire,fire373.jpg,fire,train
Training/Fire,fire374.jpg,fire,train
Training/Fire,fire375.jpg,fire,train
Training/Fire,fire376.jpg,fire,train
Training/Fire,fire377.jpg,fire,train
Training/Fire,fire378.jpg,fire,val
Training/Fire,fire379.jpg,fire,val
Training/Fire,fire38.jpg,fire,val
Training/Fire,fire380.jpg,fire,train
Training/Fire,fire381.jpg,fire,train
Training/Fire,fire382.jpg,fire,train
Training/Fire,fire383.jpg,fire,train
Training/Fire,fire384.jpg,fire,train
Training/Fire,fire385.jpg,fire,train
Training/Fire,fire386.jpg,fire,train
Training/Fire,fire387.jpg,fire,train
Training/Fire,fire388.jpg,fire,train
Training/Fire,fire389.jpg,fire,train
Training/Fire,fire39.jpg,fire,train
Training/Fire,fire390.jpg,fire,val
Training/Fire,fire391.jpg,fire,train
Training/Fire,fire392.jpg,fire,val
Training/Fire,fire393.jpg,fire,train
Training/Fire,fire394.jpg,fire,train
Training/Fire,fire395.jpg,fire,train
Training/Fire,fire396.jpg,fire,val
Training/Fire,fire397.jpg,fire,train
Training/Fire,fire398.jpg,fire,val
Training/Fire,fire399.jpg,fire,train
Training/Fire,fire4.jpg,fire,val
Training/Fire,fire40.jpg,fire,train
Training/Fire,fire400.jpg,fire,train
Training/Fire,fire401.jpg,fire,train
Training/Fire,fire402.jpg,fire,val
Training/Fire,fire403.jpg,fire,train
Training/Fire,fire404.jpg,fire,val
Training/Fire,fire405.jpg,fire,train
Training/Fire,fire406.jpg,fire,train
Training/Fire,fire407.jpg,fire,train
Training/Fire,fire408.jpg,fire,train
Training/Fire,fire409.jpg,fire,val
Training/Fire,fire41.jpg,fire,train
Training/Fire,fire410.jpg,fire,train
Training/Fire,fire411.jpg,fire,train
Training/Fire,fire412.jpg,fire,train
Training/Fire,fire413.jpg,fire,val
Training/Fire,fire414.jpg,fire,train
Training/Fire,fire415.jpg,fire,train
Training/Fire,fire416.jpg,fire,val
Training/Fire,fire417.jpg,fire,train
Training/Fire,fire418.jpg,fire,train
Training/Fire,fire419.jpg,fire,train
Training/Fire,fire42.jpg,fire,val
Training/Fire,fire420.jpg,fire,train
Training/Fire,fire421.jpg,fire,train
Training/Fire,fire422.jpg,fire,train
Training/Fire,fire423.jpg,fire,val
Training/Fire,fire424.jpg,fire,train
Training/Fire,fire425.jpg,fire,train
Training/Fire,fire426.jpg,fire,val
Training/Fire,fire427.jpg,fire,val
Training/Fire,fire428.jpg,fire,train
Training/Fire,fire429.jpg,fire,val
Training/Fire,fire43.jpg,fire,val
Training/Fire,fire430.jpg,fire,train
Training/Fire,fire431.jpg,fire,train
Training/Fire,fire432.jpg,fire,val
Training/Fire,fire433.jpg,fire,train
Training/Fire,fire434.jpg,fire,train
Training/Fire,fire435.jpg,fire,train
Training/Fire,fire436.jpg,fire,train
Training/Fire,fire437.jpg,fire,train
Training/Fire,fire438.jpg,fire,train
Training/Fire,fire439.jpg,fire,val
Training/Fire,fire44.jpg,fire,train
Training/Fire,fire440.jpg,fire,train
Training/Fire,fire441.jpg,fire,train
Training/Fire,fire442.jpg,fire,train
Training/Fire,fire443.jpg,fire,train
Training/Fire,fire444.jpg,fire,train
Training/Fire,fire445.jpg,fire,train
Training/Fire,fire446.jpg,fire,train
Training/Fire,fire447.jpg,fire,train
Training/Fire,fire448.jpg,fire,train
Training/Fire,fire449.jpg,fire,train
Training/Fire,fire45.jpg,fire,val
Training/Fire,fire450.jpg,fire,train
Training/Fire,fire451.jpg,fire,train
Training/Fire,fire452.jpg,fire,train
Training/Fire,fire453.jpg,fire,train
Training/Fire,fire454.jpg,fire,train
Training/Fire,fire455.jpg,fire,train
Training/Fire,fire456.jpg,fire,val
Training/Fire,fire457.jpg,fire,train
Training/Fire,fire458.jpg,fire,val
Training/Fire,fire459.jpg,fire,train
Training/Fire,fire46.jpg,fire,train
Training/Fire,fire460.jpg,fire,train
Training/Fire,fire461.jpg,fire,train
Training/Fire,fire462.jpg,fire,train
Training/Fire,fire463.jpg,fire,train
Training/Fire,fire464.jpg,fire,train
Training/Fire,fire465.jpg,fire,train
Training/Fire,fire466.jpg,fire,train
Training/Fire,fire467.jpg,fire,val
Training/Fire,fire468.jpg,fire,train
Training/Fire,fire469.jpg,fire,train
Training/Fire,fire47.jpg,fire,val
Training/Fire,fire470.jpg,fire,train
Training/Fire,fire471.jpg,fire,train
Training/Fire,fire472.jpg,fire,train
Training/Fire,fire473.jpg,fire,train
Training/Fire,fire474.jpg,fire,val
Training/Fire,fire475.jpg,fire,train
Training/Fire,fire476.jpg,fire,train
Training/Fire,fire477.jpg,fire,train
Training/Fire,fire478.jpg,fire,val
Training/Fire,fire479.jpg,fire,train
Training/Fire,fire48.jpg,fire,train
Training/Fire,fire480.jpg,fire,train
Training/Fire,fire481.jpg,fire,train
Training/Fire,fire482.jpg,fire,train
Training/Fire,fire483.jpg,fire,train
Training/Fire,fire484.jpg,fire,train
Training/Fire,fire485.jpg,fire,train
Training/Fire,fire486.jpg,fire,val
Training/Fire,fire487.jpg,fire,train
Training/Fire,fire488.jpg,fire,train
Training/Fire,fire489.jpg,fire,train
Training/Fire,fire49.jpg,fire,train
Training/Fire,fire490.jpg,fire,val
Training/Fire,fire491.jpg,fire,train
Training/Fire,fire492.jpg,fire,train
Training/Fire,fire493.jpg,fire,val
Training/Fire,fire494.jpg,fire,train
Training/Fire,fire495.jpg,fire,val
Training/Fire,fire496.jpg,fire,train
Training/Fire,fire497.jpg,fire,train
Training/Fire,fire498.jpg,fire,train
Training/Fire,fire499.jpg,fire,train
Training/Fire,fire5.jpg,fire,train
Training/Fire,fire50.jpg,fire,val
Training/Fire,fire500.jpg,fire,train
Training/Fire,fire501.jpg,fire,val
Training/Fire,fire502.jpg,fire,train
Training/Fire,fire503.jpg,fire,train
Training/Fire,fire504.jpg,fire,train
Training/Fire,fire505.jpg,fire,train
Training/Fire,fire506.jpg,fire,train
Training/Fire,fire507.jpg,fire,val
Training/Fire,fire508.jpg,fire,val
Training/Fire,fire509.jpg,fire,train
Training/Fire,fire51.jpg,fire,train
Training/Fire,fire510.jpg,fire,val
Training/Fire,fire511.jpg,fire,train
Training/Fire,fire512.jpg,fire,train
Training/Fire,fire513.jpg,fire,train
Training/Fire,fire514.jpg,fire,train
Training/Fire,fire515.jpg,fire,train
Training/Fire,fire516.jpg,fire,train
Training/Fire,fire517.jpg,fire,val
Training/Fire,fire518.jpg,fire,train
Training/Fire,fire519.jpg,fire,train
Training/Fire,fire52.jpg,fire,train
Training/Fire,fire520.jpg,fire,train
Training/Fire,fire521.jpg,fire,val
Training/Fire,fire522.jpg,fire,val
Training/Fire,fire523.jpg,fire,train
Training/Fire,fire524.jpg,fire,val
Training/Fire,fire525.jpg,fire,train
Training/Fire,fire526.jpg,fire,train
Training/Fire,fire527.jpg,fire,train
Training/Fire,fire528.jpg,fire,train
Training/Fire,fire529.jpg,fire,train
Training/Fire,fire53.jpg,fire,train
Training/Fire,fire530.jpg,fire,train
Training/Fire,fire531.jpg,fire,val
Training/Fire,fire532.jpg,fire,train
Training/Fire,fire533.jpg,fire,val
Training/Fire,fire534.jpg,fire,train
Training/Fire,fire535.jpg,fire,train
Training/Fire,fire536.jpg,fire,val
Training/Fire,fire537.jpg,fire,train
Training/Fire,fire538.jpg,fire,train
Training/Fire,fire539.jpg,fire,val
Training/Fire,fire54.jpg,fire,train
Training/Fire,fire540.jpg,fire,train
Training/Fire,fire541.jpg,fire,train
Training/Fire,fire542.jpg,fire,val
Training/Fire,fire543.jpg,fire,val
Training/Fire,fire544.jpg,fire,train
Training/Fire,fire545.jpg,fire,val
Training/Fire,fire546.jpg,fire,train
Training/Fire,fire547.jpg,fire,train
Training/Fire,fire548.jpg,fire,val
Training/Fire,fire549.jpg,fire,train
Training/Fire,fire55.jpg,fire,train
Training/Fire,fire550.jpg,fire,train
Training/Fire,fire551.jpg,fire,val
Training/Fire,fire552.jpg,fire,train
Training/Fire,fire553.jpg,fire,train
Training/Fire,fire554.jpg,fire,train
Training/Fire,fire555.jpg,fire,val
Training/Fire,fire556.jpg,fire,train
Training/Fire,fire557.jpg,fire,train
Training/Fire,fire558.jpg,fire,train
Training/Fire,fire559.jpg,fire,train
Training/Fire,fire56.jpg,fire,train
Training/Fire,fire560.jpg,fire,train
Training/Fire,fire561.jpg,fire,train
Training/Fire,fire562.jpg,fire,train
Training/Fire,fire563.jpg,fire,train
Training/Fire,fire564.jpg,fire,val
Training/Fire,fire565.jpg,fire,train
Training/Fire,fire566.jpg,fire,train
Training/Fire,fire567.jpg,fire,train
Training/Fire,fire568.jpg,fire,val
Training/Fire,fire569.jpg,fire,val
Training/Fire,fire57.jpg,fire,val
Training/Fire,fire570.jpg,fire,train
Training/Fire,fire571.jpg,fire,train
Training/Fire,fire572.jpg,fire,train
Training/Fire,fire573.jpg,fire,train
Training/Fire,fire574.jpg,fire,train
Training/Fire,fire575.jpg,fire,val
Training/Fire,fire576.jpg,fire,train
Training/Fire,fire577.jpg,fire,train
Training/Fire,fire578.jpg,fire,val
Training/Fire,fire579.jpg,fire,val
Training/Fire,fire58.jpg,fire,train
Training/Fire,fire580.jpg,fire,train
Training/Fire,fire581.jpg,fire,train
Training/Fire,fire582.jpg,fire,train
Training/Fire,fire583.jpg,fire,val
Training/Fire,fire584.jpg,fire,train
Training/Fire,fire585.jpg,fire,train
Training/Fire,fire586.jpg,fire,train
Training/Fire,fire587.jpg,fire,train
Training/Fire,fire588.jpg,fire,train
Training/Fire,fire589.jpg,fire,train
Training/Fire,fire59.jpg,fire,train
Training/Fire,fire590.jpg,fire,train
Training/Fire,fire591.jpg,fire,train
Training/Fire,fire592.jpg,fire,train
Training/Fire,fire593.jpg,fire,train
Training/Fire,fire594.jpg,fire,train
Training/Fire,fire595.jpg,fire,train
Training/Fire,fire596.jpg,fire,train
Training/Fire,fire597.jpg,fire,val
Training/Fire,fire598.jpg,fire,train
Training/Fire,fire599.jpg,fire,train
Training/Fire,fire6.jpg,fire,train
Training/Fire,fire60.jpg,fire,train
Training/Fire,fire600.jpg,fire,val
Training/Fire,fire601.jpg,fire,train
Training/Fire,fire602.jpg,fire,train
Training/Fire,fire603.jpg,fire,train
Training/Fire,fire604.jpg,fire,val
Training/Fire,fire605.jpg,fire,train
Training/Fire,fire606.jpg,fire,train
Training/Fire,fire607.jpg,fire,val
Training/Fire,fire608.jpg,fire,train
Training/Fire,fire609.jpg,fire,train
Training/Fire,fire61.jpg,fire,val
Training/Fire,fire610.jpg,fire,val
Training/Fire,fire611.jpg,fire,train
Training/Fire,fire612.jpg,fire,train
Training/Fire,fire613.jpg,fire,train
Training/Fire,fire614.jpg,fire,train
Training/Fire,fire615.jpg,fire,train
Training/Fire,fire616.jpg,fire,train
Training/Fire,fire617.jpg,fire,train
Training/Fire,fire618.jpg,fire,train
Training/Fire,fire619.jpg,fire,val
Training/Fire,fire62.jpg,fire,train
Training/Fire,fire620.jpg,fire,train
Training/Fire,fire621.jpg,fire,train
Training/Fire,fire622.jpg,fire,val
Training/Fire,fire623.jpg,fire,val
Training/Fire,fire624.jpg,fire,train
Training/Fire,fire625.jpg,fire,val
Training/Fire,fire626.jpg,fire,val
Training/Fire,fire627.jpg,fire,train
Training/Fire,fire628.jpg,fire,val
Training/Fire,fire629.jpg,fire,train
Training/Fire,fire63.jpg,fire,train
Training/Fire,fire630.jpg,fire,train
Training/Fire,fire631.jpg,fire,train
Training/Fire,fire632.jpg,fire,train
Training/Fire,fire633.jpg,fire,train
Training/Fire,fire634.jpg,fire,train
Training/Fire,fire635.jpg,fire,val
Training/Fire,fire636.jpg,fire,train
Training/Fire,fire637.jpg,fire,train
Training/Fire,fire638.jpg,fire,train
Training/Fire,fire639.jpg,fire,val
Training/Fire,fire64.jpg,fire,val
Training/Fire,fire640.jpg,fire,train
Training/Fire,fire641.jpg,fire,train
Training/Fire,fire642.jpg,fire,train
Training/Fire,fire643.jpg,fire,train
Training/Fire,fire644.jpg,fire,val
Training/Fire,fire645.jpg,fire,val
Training/Fire,fire646.jpg,fire,train
Training/Fire,fire647.jpg,fire,val
Training/Fire,fire648.jpg,fire,train
Training/Fire,fire649.jpg,fire,train
Training/Fire,fire65.jpg,fire,train
Training/Fire,fire650.jpg,fire,val
Training/Fire,fire651.jpg,fire,train
Training/Fire,fire652.jpg,fire,val
Training/Fire,fire653.jpg,fire,train
Training/Fire,fire654.jpg,fire,train
Training/Fire,fire655.jpg,fire,train
Training/Fire,fire656.jpg,fire,train
Training/Fire,fire657.jpg,fire,train
Training/Fire,fire658.jpg,fire,train
Training/Fire,fire659.jpg,fire,train
Training/Fire,fire66.jpg,fire,val
Training/Fire,fire660.jpg,fire,train
Training/Fire,fire661.jpg,fire,train
Training/Fire,fire662.jpg,fire,train
Training/Fire,fire663.jpg,fire,train
Training/Fire,fire664.jpg,fire,val
Training/Fire,fire665.jpg,fire,train
Training/Fire,fire666.jpg,fire,train
Training/Fire,fire667.jpg,fire,train
Training/Fire,fire668.jpg,fire,train
Training/Fire,fire669.jpg,fire,train
Training/Fire,fire67.jpg,fire,train
Training/Fire,fire670.jpg,fire,train
Training/Fire,fire671.jpg,fire,train
Training/Fire,fire672.jpg,fire,train
Training/Fire,fire673.jpg,fire,train
Training/Fire,fire674.jpg,fire,train
Training/Fire,fire675.jpg,fire,train
Training/Fire,fire676.jpg,fire,train
Training/Fire,fire677.jpg,fire,train
Training/Fire,fire678.jpg,fire,val
Training/Fire,fire679.jpg,fire,val
Training/Fire,fire68.jpg,fire,train
Training/Fire,fire680.jpg,fire,train
Training/Fire,fire681.jpg,fire,train
Training/Fire,fire682.jpg,fire,train
Training/Fire,fire683.jpg,fire,val
Training/Fire,fire684.jpg,fire,train
Training/Fire,fire685.jpg,fire,val
Training/Fire,fire686.jpg,fire,val
Training/Fire,fire687.jpg,fire,train
Training/Fire,fire688.jpg,fire,train
Training/Fire,fire689.jpg,fire,train
Training/Fire,fire69.jpg,fire,val
Training/Fire,fire690.jpg,fire,train
Training/Fire,fire691.jpg,fire,train
Training/Fire,fire692.jpg,fire,val
Training/Fire,fire693.jpg,fire,val
Training/Fire,fire694.jpg,fire,train
Training/Fire,fire695.jpg,fire,val
Training/Fire,fire696.jpg,fire,val
Training/Fire,fire697.jpg,fire,val
Training/Fire,fire698.jpg,fire,val
Training/Fire,fire699.jpg,fire,val
Training/Fire,fire7.jpg,fire,val
Training/Fire,fire70.jpg,fire,train
Training/Fire,fire700.jpg,fire,train
Training/Fire,fire701.jpg,fire,train
Training/Fire,fire702.jpg,fire,train
Training/Fire,fire703.jpg,fire,val
Training/Fire,fire704.jpg,fire,val
Training/Fire,fire705.jpg,fire,train
Training/Fire,fire706.jpg,fire,train
Training/Fire,fire707.jpg,fire,train
Training/Fire,fire708.jpg,fire,train
Training/Fire,fire709.jpg,fire,train
Training/Fire,fire71.jpg,fire,train
Training/Fire,fire710.jpg,fire,val
Training/Fire,fire711.jpg,fire,train
Training/Fire,fire712.jpg,fire,train
Training/Fire,fire713.jpg,fire,train
Training/Fire,fire714.jpg,fire,train
Training/Fire,fire715.jpg,fire,train
Training/Fire,fire716.jpg,fire,train
Training/Fire,fire717.jpg,fire,train
Training/Fire,fire718.jpg,fire,val
Training/Fire,fire719.jpg,fire,val
Training/Fire,fire72.jpg,fire,train
Training/Fire,fire720.jpg,fire,train
Training/Fire,fire721.jpg,fire,val
Training/Fire,fire722.jpg,fire,train
Training/Fire,fire723.jpg,fire,train
Training/Fire,fire724.jpg,fire,val
Training/Fire,fire725.jpg,fire,train
Training/Fire,fire726.jpg,fire,val
Training/Fire,fire727.jpg,fire,val
Training/Fire,fire728.jpg,fire,train
Training/Fire,fire729.jpg,fire,val
Training/Fire,fire73.jpg,fire,val
Training/Fire,fire730.jpg,fire,train
Training/Fire,fire731.jpg,fire,train
Training/Fire,fire732.jpg,fire,val
Training/Fire,fire733.jpg,fire,train
Training/Fire,fire734.jpg,fire,train
Training/Fire,fire735.jpg,fire,val
Training/Fire,fire736.jpg,fire,val
Training/Fire,fire737.jpg,fire,val
Training/Fire,fire738.jpg,fire,train
Training/Fire,fire739.jpg,fire,train
Training/Fire,fire74.jpg,fire,train
Training/Fire,fire740.jpg,fire,train
Training/Fire,fire741.jpg,fire,train
Training/Fire,fire742.jpg,fire,train
Training/Fire,fire743.jpg,fire,train
Training/Fire,fire744.jpg,fire,train
Training/Fire,fire745.jpg,fire,train
Training/Fire,fire746.jpg,fire,val
Training/Fire,fire747.jpg,fire,train
Training/Fire,fire748.jpg,fire,train
Training/Fire,fire749.jpg,fire,train
Training/Fire,fire75.jpg,fire,train
Training/Fire,fire750.jpg,fire,val
Training/Fire,fire751.jpg,fire,val
Training/Fire,fire752.jpg,fire,val
Training/Fire,fire753.jpg,fire,train
Training/Fire,fire754.jpg,fire,train
Training/Fire,fire755.jpg,fire,train
Training/Fire,fire756.jpg,fire,train
Training/Fire,fire757.jpg,fire,train
Training/Fire,fire758.jpg,fire,train
Training/Fire,fire759.jpg,fire,train
Training/Fire,fire76.jpg,fire,val
Training/Fire,fire760.jpg,fire,train
Training/Fire,fire761.jpg,fire,val
Training/Fire,fire762.jpg,fire,train
Training/Fire,fire763.jpg,fire,train
Training/Fire,fire764.jpg,fire,train
Training/Fire,fire765.jpg,fire,val
Training/Fire,fire766.jpg,fire,train
Training/Fire,fire767.jpg,fire,val
Training/Fire,fire768.jpg,fire,val
Training/Fire,fire769.jpg,fire,train
Training/Fire,fire77.jpg,fire,val
Training/Fire,fire770.jpg,fire,train
Training/Fire,fire771.jpg,fire,val
Training/Fire,fire772.jpg,fire,train
Training/Fire,fire773.jpg,fire,train
Training/Fire,fire774.jpg,fire,train
Training/Fire,fire775.jpg,fire,train
Training/Fire,fire776.jpg,fire,train
Training/Fire,fire777.jpg,fire,train
Training/Fire,fire778.jpg,fire,train
Training/Fire,fire779.jpg,fire,train
Training/Fire,fire78.jpg,fire,train
Training/Fire,fire780.jpg,fire,val
Training/Fire,fire781.jpg,fire,train
Training/Fire,fire782.jpg,fire,val
Training/Fire,fire783.jpg,fire,train
Training/Fire,fire784.jpg,fire,val
Training/Fire,fire785.jpg,fire,train
Training/Fire,fire786.jpg,fire,val
Training/Fire,fire787.jpg,fire,train
Training/Fire,fire788.jpg,fire,train
Training/Fire,fire789.jpg,fire,train
Training/Fire,fire79.jpg,fire,train
Training/Fire,fire790.jpg,fire,train
Training/Fire,fire791.jpg,fire,train
Training/Fire,fire792.jpg,fire,train
Training/Fire,fire793.jpg,fire,train
Training/Fire,fire794.jpg,fire,train
Training/Fire,fire795.jpg,fire,train
Training/Fire,fire796.jpg,fire,val
Training/Fire,fire797.jpg,fire,val
Training/Fire,fire798.jpg,fire,val
Training/Fire,fire799.jpg,fire,train
Training/Fire,fire8.jpg,fire,train
Training/Fire,fire80.jpg,fire,train
Training/Fire,fire800.jpg,fire,val
Training/Fire,fire801.jpg,fire,train
Training/Fire,fire802.jpg,fire,train
Training/Fire,fire803.jpg,fire,val
Training/Fire,fire804.jpg,fire,train
Training/Fire,fire805.jpg,fire,train
Training/Fire,fire806.jpg,fire,train
Training/Fire,fire807.jpg,fire,val
Training/Fire,fire808.jpg,fire,val
Training/Fire,fire809.jpg,fire,val
Training/Fire,fire81.jpg,fire,val
Training/Fire,fire810.jpg,fire,train
Training/Fire,fire811.jpg,fire,val
Training/Fire,fire812.jpg,fire,train
Training/Fire,fire813.jpg,fire,train
Training/Fire,fire814.jpg,fire,val
Training/Fire,fire815.jpg,fire,val
Training/Fire,fire816.jpg,fire,train
Training/Fire,fire817.jpg,fire,train
Training/Fire,fire818.jpg,fire,train
Training/Fire,fire819.jpg,fire,train
Training/Fire,fire82.jpg,fire,train
Training/Fire,fire820.jpg,fire,val
Training/Fire,fire821.jpg,fire,train
Training/Fire,fire822.jpg,fire,train
Training/Fire,fire823.jpg,fire,train
Training/Fire,fire824.jpg,fire,train
Training/Fire,fire825.jpg,fire,val
Training/Fire,fire826.jpg,fire,train
Training/Fire,fire827.jpg,fire,train
Training/Fire,fire828.jpg,fire,train
Training/Fire,fire829.jpg,fire,train
Training/Fire,fire83.jpg,fire,train
Training/Fire,fire830.jpg,fire,val
Training/Fire,fire831.jpg,fire,train
Training/Fire,fire832.jpg,fire,train
Training/Fire,fire833.jpg,fire,train
Training/Fire,fire834.jpg,fire,train
Training/Fire,fire835.jpg,fire,val
Training/Fire,fire836.jpg,fire,train
Training/Fire,fire837.jpg,fire,train
Training/Fire,fire838.jpg,fire,train
Training/Fire,fire839.jpg,fire,val
Training/Fire,fire84.jpg,fire,val
Training/Fire,fire840.jpg,fire,train
Training/Fire,fire841.jpg,fire,train
Training/Fire,fire842.jpg,fire,val
Training/Fire,fire843.jpg,fire,val
Training/Fire,fire844.jpg,fire,val
Training/Fire,fire845.jpg,fire,val
Training/Fire,fire846.jpg,fire,train
Training/Fire,fire847.jpg,fire,train
Training/Fire,fire848.jpg,fire,train
Training/Fire,fire849.jpg,fire,train
Training/Fire,fire85.jpg,fire,train
Training/Fire,fire850.jpg,fire,train
Training/Fire,fire851.jpg,fire,val
Training/Fire,fire852.jpg,fire,train
Training/Fire,fire853.jpg,fire,train
Training/Fire,fire854.jpg,fire,val
Training/Fire,fire855.jpg,fire,train
Training/Fire,fire856.jpg,fire,val
Training/Fire,fire857.jpg,fire,train
Training/Fire,fire858.jpg,fire,train
Training/Fire,fire859.jpg,fire,train
Training/Fire,fire86.jpg,fire,train
Training/Fire,fire860.jpg,fire,train
Training/Fire,fire861.jpg,fire,train
Training/Fire,fire862.jpg,fire,train
Training/Fire,fire863.jpg,fire,train
Training/Fire,fire864.jpg,fire,train
Training/Fire,fire865.jpg,fire,train
Training/Fire,fire866.jpg,fire,val
Training/Fire,fire867.jpg,fire,train
Training/Fire,fire868.jpg,fire,train
Training/Fire,fire869.jpg,fire,val
Training/Fire,fire87.jpg,fire,train
Training/Fire,fire870.jpg,fire,val
Training/Fire,fire871.jpg,fire,train
Training/Fire,fire872.jpg,fire,train
Training/Fire,fire873.jpg,fire,train
Training/Fire,fire874.jpg,fire,train
Training/Fire,fire875.jpg,fire,train
Training/Fire,fire876.jpg,fire,train
Training/Fire,fire877.jpg,fire,train
Training/Fire,fire878.jpg,fire,val
Training/Fire,fire879.jpg,fire,val
Training/Fire,fire88.jpg,fire,train
Training/Fire,fire880.jpg,fire,train
Training/Fire,fire881.jpg,fire,val
Training/Fire,fire882.jpg,fire,val
Training/Fire,fire883.jpg,fire,val
Training/Fire,fire884.jpg,fire,val
Training/Fire,fire885.jpg,fire,train
Training/Fire,fire886.jpg,fire,train
Training/Fire,fire887.jpg,fire,train
Training/Fire,fire888.jpg,fire,train
Training/Fire,fire889.jpg,fire,train
Training/Fire,fire89.jpg,fire,train
Training/Fire,fire890.jpg,fire,val
Training/Fire,fire891.jpg,fire,train
Training/Fire,fire892.jpg,fire,train
Training/Fire,fire893.jpg,fire,train
Training/Fire,fire894.jpg,fire,train
Training/Fire,fire895.jpg,fire,train
Training/Fire,fire896.jpg,fire,val
Training/Fire,fire897.jpg,fire,val
Training/Fire,fire898.jpg,fire,train
Training/Fire,fire899.jpg,fire,val
Training/Fire,fire9.jpg,fire,val
Training/Fire,fire90.jpg,fire,train
Training/Fire,fire900.jpg,fire,val
Training/Fire,fire901.jpg,fire,train
Training/Fire,fire902.jpg,fire,train
Training/Fire,fire903.jpg,fire,train
Training/Fire,fire904.jpg,fire,train
Training/Fire,fire905.jpg,fire,train
Training/Fire,fire906.jpg,fire,val
Training/Fire,fire907.jpg,fire,val
Training/Fire,fire908.jpg,fire,train
Training/Fire,fire909.jpg,fire,val
Training/Fire,fire91.jpg,fire,train
Training/Fire,fire910.jpg,fire,train
Training/Fire,fire911.jpg,fire,train
Training/Fire,fire912.jpg,fire,train
Training/Fire,fire913.jpg,fire,train
Training/Fire,fire914.jpg,fire,val
Training/Fire,fire915.jpg,fire,val
Training/Fire,fire916.jpg,fire,train
Training/Fire,fire917.jpg,fire,val
Training/Fire,fire918.jpg,fire,val
Training/Fire,fire919.jpg,fire,train
Training/Fire,fire92.jpg,fire,train
Training/Fire,fire920.jpg,fire,train
Training/Fire,fire921.jpg,fire,val
Training/Fire,fire922.jpg,fire,train
Training/Fire,fire923.jpg,fire,val
Training/Fire,fire924.jpg,fire,train
Training/Fire,fire925.jpg,fire,train
Training/Fire,fire926.jpg,fire,val
Training/Fire,fire927.jpg,fire,val
Training/Fire,fire928.jpg,fire,train
Training/Fire,fire929.jpg,fire,train
Training/Fire,fire93.jpg,fire,train
Training/Fire,fire930.jpg,fire,train
Training/Fire,fire931.jpg,fire,train
Training/Fire,fire932.jpg,fire,val
Training/Fire,fire933.jpg,fire,train
Training/Fire,fire934.jpg,fire,val
Training/Fire,fire935.jpg,fire,val
Training/Fire,fire936.jpg,fire,train
Training/Fire,fire937.jpg,fire,train
Training/Fire,fire938.jpg,fire,train
Training/Fire,fire939.jpg,fire,val
Training/Fire,fire94.jpg,fire,train
Training/Fire,fire940.jpg,fire,train
Training/Fire,fire941.jpg,fire,val
Training/Fire,fire942.jpg,fire,train
Training/Fire,fire943.jpg,fire,train
Training/Fire,fire944.jpg,fire,val
Training/Fire,fire945.jpg,fire,train
Training/Fire,fire946.jpg,fire,val
Training/Fire,fire947.jpg,fire,train
Training/Fire,fire948.jpg,fire,train
Training/Fire,fire949.jpg,fire,train
Training/Fire,fire95.jpg,fire,train
Training/Fire,fire950.jpg,fire,train
Training/Fire,fire951.jpg,fire,val
Training/Fire,fire952.jpg,fire,train
Training/Fire,fire953.jpg,fire,train
Training/Fire,fire954.jpg,fire,val
Training/Fire,fire955.jpg,fire,val
Training/Fire,fire956.jpg,fire,train
Training/Fire,fire957.jpg,fire,train
Training/Fire,fire958.jpg,fire,train
Training/Fire,fire959.jpg,fire,train
Training/Fire,fire96.jpg,fire,train
Training/Fire,fire960.jpg,fire,train
Training/Fire,fire961.jpg,fire,train
Training/Fire,fire962.jpg,fire,train
Training/Fire,fire963.jpg,fire,val
Training/Fire,fire964.jpg,fire,train
Training/Fire,fire965.jpg,fire,val
Training/Fire,fire966.jpg,fire,train
Training/Fire,fire967.jpg,fire,train
Training/Fire,fire968.jpg,fire,train
Training/Fire,fire969.jpg,fire,train
Training/Fire,fire97.jpg,fire,train
Training/Fire,fire970.jpg,fire,train
Training/Fire,fire971.jpg,fire,val
Training/Fire,fire972.jpg,fire,train
Training/Fire,fire973.jpg,fire,train
Training/Fire,fire974.jpg,fire,val
Training/Fire,fire975.jpg,fire,train
Training/Fire,fire976.jpg,fire,train
Training/Fire,fire977.jpg,fire,val
Training/Fire,fire978.jpg,fire,train
Training/Fire,fire979.jpg,fire,train
Training/Fire,fire98.jpg,fire,train
Training/Fire,fire980.jpg,fire,val
Training/Fire,fire981.jpg,fire,train
Training/Fire,fire982.jpg,fire,train
Training/Fire,fire983.jpg,fire,val
Training/Fire,fire984.jpg,fire,train
Training/Fire,fire985.jpg,fire,val
Training/Fire,fire986.jpg,fire,train
Training/Fire,fire987.jpg,fire,val
Training/Fire,fire988.jpg,fire,val
Training/Fire,fire989.jpg,fire,val
Training/Fire,fire99.jpg,fire,val
Training/Fire,fire990.jpg,fire,train
Training/Fire,fire991.jpg,fire,val
Training/Fire,fire992.jpg,fire,train
Training/Fire,fire993.jpg,fire,val
Training/Fire,fire994.jpg,fire,train
Training/Fire,fire995.jpg,fire,train
Training/Fire,fire996.jpg,fire,train
Training/Fire,fire997.jpg,fire,train
Training/Fire,fire998.jpg,fire,train
Training/Fire,fire999.jpg,fire,val
Training/NoFire,nf1238.jpg,no_fire,val
Training/NoFire,nofire1.jpg,no_fire,train
Training/NoFire,nofire10.jpg,no_fire,train
Training/NoFire,nofire100.jpg,no_fire,val
Training/NoFire,nofire1000.jpg,no_fire,train
Training/NoFire,nofire1001.jpg,no_fire,train
Training/NoFire,nofire1002.jpg,no_fire,train
Training/NoFire,nofire1003.jpg,no_fire,train
Training/NoFire,nofire1004.jpg,no_fire,train
Training/NoFire,nofire1005.jpg,no_fire,train
Training/NoFire,nofire1006.jpg,no_fire,train
Training/NoFire,nofire1007.jpg,no_fire,train
Training/NoFire,nofire1008.jpg,no_fire,val
Training/NoFire,nofire1009.jpg,no_fire,train
Training/NoFire,nofire101.jpg,no_fire,train
Training/NoFire,nofire1010.jpg,no_fire,train
Training/NoFire,nofire1011.jpg,no_fire,train
Training/NoFire,nofire1012.jpg,no_fire,train
Training/NoFire,nofire1013.jpg,no_fire,train
Training/NoFire,nofire1014.jpg,no_fire,train
Training/NoFire,nofire1015.jpg,no_fire,train
Training/NoFire,nofire1016.jpg,no_fire,train
Training/NoFire,nofire1017.jpg,no_fire,train
Training/NoFire,nofire1018.jpg,no_fire,train
Training/NoFire,nofire1019.jpg,no_fire,train
Training/NoFire,nofire102.jpg,no_fire,train
Training/NoFire,nofire1020.jpg,no_fire,train
Training/NoFire,nofire1021.jpg,no_fire,val
Training/NoFire,nofire1022.jpg,no_fire,train
Training/NoFire,nofire1023.jpg,no_fire,train
Training/NoFire,nofire1024.jpg,no_fire,train
Training/NoFire,nofire1025.jpg,no_fire,val
Training/NoFire,nofire1026.jpg,no_fire,train
Training/NoFire,nofire1027.jpg,no_fire,train
Training/NoFire,nofire1028.jpg,no_fire,val
Training/NoFire,nofire1029.jpg,no_fire,train
Training/NoFire,nofire103.jpg,no_fire,val
Training/NoFire,nofire1030.jpg,no_fire,train
Training/NoFire,nofire1031.jpg,no_fire,train
Training/NoFire,nofire1032.jpg,no_fire,train
Training/NoFire,nofire1033.jpg,no_fire,train
Training/NoFire,nofire1034.jpg,no_fire,train
Training/NoFire,nofire1035.jpg,no_fire,val
Training/NoFire,nofire1036.jpg,no_fire,val
Training/NoFire,nofire1037.jpg,no_fire,train
Training/NoFire,nofire1038.jpg,no_fire,val
Training/NoFire,nofire1039.jpg,no_fire,train
Training/NoFire,nofire104.jpg,no_fire,train
Training/NoFire,nofire1040.jpg,no_fire,train
Training/NoFire,nofire1041.jpg,no_fire,train
Training/NoFire,nofire1042.jpg,no_fire,train
Training/NoFire,nofire1043.jpg,no_fire,val
Training/NoFire,nofire1044.jpg,no_fire,train
Training/NoFire,nofire1045.jpg,no_fire,train
Training/NoFire,nofire1046.jpg,no_fire,train
Training/NoFire,nofire1047.jpg,no_fire,train
Training/NoFire,nofire1048.jpg,no_fire,val
Training/NoFire,nofire1049.jpg,no_fire,train
Training/NoFire,nofire105.jpg,no_fire,val
Training/NoFire,nofire1050.jpg,no_fire,train
Training/NoFire,nofire1051.jpg,no_fire,train
Training/NoFire,nofire1052.jpg,no_fire,train
Training/NoFire,nofire1053.jpg,no_fire,train
Training/NoFire,nofire1054.jpg,no_fire,train
Training/NoFire,nofire1055.jpg,no_fire,val
Training/NoFire,nofire1056.jpg,no_fire,train
Training/NoFire,nofire1057.jpg,no_fire,train
Training/NoFire,nofire1058.jpg,no_fire,train
Training/NoFire,nofire1059.jpg,no_fire,val
Training/NoFire,nofire106.jpg,no_fire,train
Training/NoFire,nofire1060.jpg,no_fire,val
Training/NoFire,nofire1061.jpg,no_fire,val
Training/NoFire,nofire1062.jpg,no_fire,train
Training/NoFire,nofire1063.jpg,no_fire,val
Training/NoFire,nofire1064.jpg,no_fire,train
Training/NoFire,nofire1065.jpg,no_fire,train
Training/NoFire,nofire1066.jpg,no_fire,train
Training/NoFire,nofire1067.jpg,no_fire,train
Training/NoFire,nofire1068.jpg,no_fire,train
Training/NoFire,nofire1069.jpg,no_fire,train
Training/NoFire,nofire107.jpg,no_fire,train
Training/NoFire,nofire1070.jpg,no_fire,train
Training/NoFire,nofire1071.jpg,no_fire,train
Training/NoFire,nofire1072.jpg,no_fire,train
Training/NoFire,nofire1073.jpg,no_fire,val
Training/NoFire,nofire1074.jpg,no_fire,train
Training/NoFire,nofire1075.jpg,no_fire,train
Training/NoFire,nofire1076.jpg,no_fire,train
Training/NoFire,nofire1077.jpg,no_fire,val
Training/NoFire,nofire1078.jpg,no_fire,train
Training/NoFire,nofire1079.jpg,no_fire,train
Training/NoFire,nofire108.jpg,no_fire,train
Training/NoFire,nofire1080.jpg,no_fire,train
Training/NoFire,nofire1081.jpg,no_fire,train
Training/NoFire,nofire1082.jpg,no_fire,train
Training/NoFire,nofire1083.jpg,no_fire,train
Training/NoFire,nofire1084.jpg,no_fire,train
Training/NoFire,nofire1085.jpg,no_fire,train
Training/NoFire,nofire1086.jpg,no_fire,val
Training/NoFire,nofire1087.jpg,no_fire,val
Training/NoFire,nofire1088.jpg,no_fire,train
Training/NoFire,nofire1089.jpg,no_fire,train
Training/NoFire,nofire109.jpg,no_fire,train
Training/NoFire,nofire1090.jpg,no_fire,train
Training/NoFire,nofire1091.jpg,no_fire,val
Training/NoFire,nofire1092.jpg,no_fire,val
Training/NoFire,nofire1093.jpg,no_fire,val
Training/NoFire,nofire1094.jpg,no_fire,train
Training/NoFire,nofire1095.jpg,no_fire,train
Training/NoFire,nofire1096.jpg,no_fire,train
Training/NoFire,nofire1097.jpg,no_fire,train
Training/NoFire,nofire1098.jpg,no_fire,val
Training/NoFire,nofire1099.jpg,no_fire,val
Training/NoFire,nofire11.jpg,no_fire,train
Training/NoFire,nofire110.jpg,no_fire,train
Training/NoFire,nofire1100.jpg,no_fire,train
Training/NoFire,nofire1101.jpg,no_fire,train
Training/NoFire,nofire1102.jpg,no_fire,train
Training/NoFire,nofire1103.jpg,no_fire,train
Training/NoFire,nofire1104.jpg,no_fire,val
Training/NoFire,nofire1105.jpg,no_fire,val
Training/NoFire,nofire1106.jpg,no_fire,train
Training/NoFire,nofire1107.jpg,no_fire,train
Training/NoFire,nofire1108.jpg,no_fire,val
Training/NoFire,nofire1109.jpg,no_fire,train
Training/NoFire,nofire111.jpg,no_fire,val
Training/NoFire,nofire1110.jpg,no_fire,train
Training/NoFire,nofire1111.jpg,no_fire,train
Training/NoFire,nofire1112.jpg,no_fire,train
Training/NoFire,nofire1113.jpg,no_fire,train
Training/NoFire,nofire1114.jpg,no_fire,train
Training/NoFire,nofire1115.jpg,no_fire,train
Training/NoFire,nofire1116.jpg,no_fire,train
Training/NoFire,nofire1117.jpg,no_fire,train
Training/NoFire,nofire1118.jpg,no_fire,train
Training/NoFire,nofire1119.jpg,no_fire,train
Training/NoFire,nofire112.jpg,no_fire,train
Training/NoFire,nofire1120.jpg,no_fire,val
Training/NoFire,nofire1121.jpg,no_fire,train
Training/NoFire,nofire1122.jpg,no_fire,train
Training/NoFire,nofire1123.jpg,no_fire,train
Training/NoFire,nofire1124.jpg,no_fire,train
Training/NoFire,nofire1125.jpg,no_fire,train
Training/NoFire,nofire1126.jpg,no_fire,train
Training/NoFire,nofire1127.jpg,no_fire,train
Training/NoFire,nofire1128.jpg,no_fire,val
Training/NoFire,nofire1129.jpg,no_fire,train
Training/NoFire,nofire113.jpg,no_fire,train
Training/NoFire,nofire1130.jpg,no_fire,train
Training/NoFire,nofire1131.jpg,no_fire,train
Training/NoFire,nofire1132.jpg,no_fire,train
Training/NoFire,nofire1133.jpg,no_fire,val
Training/NoFire,nofire1134.jpg,no_fire,val
Training/NoFire,nofire1135.jpg,no_fire,train
Training/NoFire,nofire1136.jpg,no_fire,val
Training/NoFire,nofire1137.jpg,no_fire,val
Training/NoFire,nofire1138.jpg,no_fire,train
Training/NoFire,nofire1139.jpg,no_fire,train
Training/NoFire,nofire114.jpg,no_fire,train
Training/NoFire,nofire1140.jpg,no_fire,val
Training/NoFire,nofire1141.jpg,no_fire,val
Training/NoFire,nofire1142.jpg,no_fire,val
Training/NoFire,nofire1143.jpg,no_fire,train
Training/NoFire,nofire1144.jpg,no_fire,val
Training/NoFire,nofire1145.jpg,no_fire,train
Training/NoFire,nofire1146.jpg,no_fire,train
Training/NoFire,nofire1147.jpg,no_fire,train
Training/NoFire,nofire1148.jpg,no_fire,train
Training/NoFire,nofire1149.jpg,no_fire,train
Training/NoFire,nofire115.jpg,no_fire,val
Training/NoFire,nofire1150.jpg,no_fire,val
Training/NoFire,nofire1151.jpg,no_fire,train
Training/NoFire,nofire1152.jpg,no_fire,train
Training/NoFire,nofire1153.jpg,no_fire,train
Training/NoFire,nofire1154.jpg,no_fire,train
Training/NoFire,nofire1155.jpg,no_fire,train
Training/NoFire,nofire1156.jpg,no_fire,val
Training/NoFire,nofire1157.jpg,no_fire,train
Training/NoFire,nofire1158.jpg,no_fire,val
Training/NoFire,nofire1159.jpg,no_fire,train
Training/NoFire,nofire116.jpg,no_fire,train
Training/NoFire,nofire1160.jpg,no_fire,val
Training/NoFire,nofire1161.jpg,no_fire,train
Training/NoFire,nofire1162.jpg,no_fire,train
Training/NoFire,nofire1163.jpg,no_fire,train
Training/NoFire,nofire1164.jpg,no_fire,train
Training/NoFire,nofire1165.jpg,no_fire,train
Training/NoFire,nofire1166.jpg,no_fire,train
Training/NoFire,nofire1167.jpg,no_fire,train
Training/NoFire,nofire1168.jpg,no_fire,train
Training/NoFire,nofire1169.jpg,no_fire,train
Training/NoFire,nofire117.jpg,no_fire,train
Training/NoFire,nofire1170.jpg,no_fire,train
Training/NoFire,nofire1171.jpg,no_fire,train
Training/NoFire,nofire1172.jpg,no_fire,val
Training/NoFire,nofire1173.jpg,no_fire,train
Training/NoFire,nofire1174.jpg,no_fire,train
Training/NoFire,nofire1175.jpg,no_fire,train
Training/NoFire,nofire1176.jpg,no_fire,train
Training/NoFire,nofire1177.jpg,no_fire,train
Training/NoFire,nofire1178.jpg,no_fire,val
Training/NoFire,nofire1179.jpg,no_fire,val
Training/NoFire,nofire118.jpg,no_fire,train
Training/NoFire,nofire1180.jpg,no_fire,train
Training/NoFire,nofire1181.jpg,no_fire,train
Training/NoFire,nofire1182.jpg,no_fire,train
Training/NoFire,nofire1183.jpg,no_fire,train
Training/NoFire,nofire1184.jpg,no_fire,val
Training/NoFire,nofire1185.jpg,no_fire,val
Training/NoFire,nofire1186.jpg,no_fire,val
Training/NoFire,nofire1187.jpg,no_fire,val
Training/NoFire,nofire1188.jpg,no_fire,train
Training/NoFire,nofire1189.jpg,no_fire,train
Training/NoFire,nofire119.jpg,no_fire,train
Training/NoFire,nofire1190.jpg,no_fire,train
Training/NoFire,nofire1191.jpg,no_fire,train
Training/NoFire,nofire1192.jpg,no_fire,val
Training/NoFire,nofire1193.jpg,no_fire,train
Training/NoFire,nofire1194.jpg,no_fire,val
Training/NoFire,nofire1195.jpg,no_fire,val
Training/NoFire,nofire1196.jpg,no_fire,train
Training/NoFire,nofire1197.jpg,no_fire,train
Training/NoFire,nofire1198.jpg,no_fire,val
Training/NoFire,nofire1199.jpg,no_fire,train
Training/NoFire,nofire12.jpg,no_fire,val
Training/NoFire,nofire120.jpg,no_fire,train
Training/NoFire,nofire1200.jpg,no_fire,train
Training/NoFire,nofire1201.jpg,no_fire,train
Training/NoFire,nofire1202.jpg,no_fire,val
Training/NoFire,nofire1203.jpg,no_fire,train
Training/NoFire,nofire1204.jpg,no_fire,train
Training/NoFire,nofire1205.jpg,no_fire,train
Training/NoFire,nofire1206.jpg,no_fire,train
Training/NoFire,nofire1207.jpg,no_fire,train
Training/NoFire,nofire1208.jpg,no_fire,train
Training/NoFire,nofire1209.jpg,no_fire,val
Training/NoFire,nofire121.jpg,no_fire,train
Training/NoFire,nofire1210.jpg,no_fire,val
Training/NoFire,nofire1211.jpg,no_fire,train
Training/NoFire,nofire1212.jpg,no_fire,train
Training/NoFire,nofire1213.jpg,no_fire,val
Training/NoFire,nofire1214.jpg,no_fire,train
Training/NoFire,nofire1215.jpg,no_fire,val
Training/NoFire,nofire1216.jpg,no_fire,train
Training/NoFire,nofire1217.jpg,no_fire,train
Training/NoFire,nofire1218.jpg,no_fire,train
Training/NoFire,nofire1219.jpg,no_fire,val
Training/NoFire,nofire122.jpg,no_fire,train
Training/NoFire,nofire1220.jpg,no_fire,train
Training/NoFire,nofire1221.jpg,no_fire,train
Training/NoFire,nofire1222.jpg,no_fire,train
Training/NoFire,nofire1223.jpg,no_fire,val
Training/NoFire,nofire1224.jpg,no_fire,val
Training/NoFire,nofire1225.jpg,no_fire,train
Training/NoFire,nofire1226.jpg,no_fire,train
Training/NoFire,nofire1227.jpg,no_fire,train
Training/NoFire,nofire1228.jpg,no_fire,val
Training/NoFire,nofire1229.jpg,no_fire,train
Training/NoFire,nofire123.jpg,no_fire,val
Training/NoFire,nofire1230.jpg,no_fire,train
Training/NoFire,nofire1231.jpg,no_fire,val
Training/NoFire,nofire1232.jpg,no_fire,train
Training/NoFire,nofire1233.jpg,no_fire,val
Training/NoFire,nofire1234.jpg,no_fire,train
Training/NoFire,nofire1235.jpg,no_fire,train
Training/NoFire,nofire1236.jpg,no_fire,train
Training/NoFire,nofire1237.jpg,no_fire,train
Training/NoFire,nofire1239.jpg,no_fire,train
Training/NoFire,nofire124.jpg,no_fire,train
Training/NoFire,nofire1240.jpg,no_fire,train
Training/NoFire,nofire1241.jpg,no_fire,train
Training/NoFire,nofire1242.jpg,no_fire,val
Training/NoFire,nofire1243.jpg,no_fire,val
Training/NoFire,nofire1244.jpg,no_fire,train
Training/NoFire,nofire1245.jpg,no_fire,val
Training/NoFire,nofire1246.jpg,no_fire,val
Training/NoFire,nofire1247.jpg,no_fire,train
Training/NoFire,nofire1248.jpg,no_fire,train
Training/NoFire,nofire1249.jpg,no_fire,train
Training/NoFire,nofire125.jpg,no_fire,val
Training/NoFire,nofire1250.jpg,no_fire,train
Training/NoFire,nofire1251.jpg,no_fire,train
Training/NoFire,nofire1252.jpg,no_fire,val
Training/NoFire,nofire1253.jpg,no_fire,train
Training/NoFire,nofire1254.jpg,no_fire,train
Training/NoFire,nofire1255.jpg,no_fire,val
Training/NoFire,nofire1256.jpg,no_fire,train
Training/NoFire,nofire1257.jpg,no_fire,val
Training/NoFire,nofire1258.jpg,no_fire,train
Training/NoFire,nofire1259.jpg,no_fire,train
Training/NoFire,nofire126.jpg,no_fire,train
Training/NoFire,nofire1260.jpg,no_fire,train
Training/NoFire,nofire1261.jpg,no_fire,val
Training/NoFire,nofire1262.jpg,no_fire,train
Training/NoFire,nofire1263.jpg,no_fire,train
Training/NoFire,nofire1264.jpg,no_fire,train
Training/NoFire,nofire1265.jpg,no_fire,train
Training/NoFire,nofire1266.jpg,no_fire,train
Training/NoFire,nofire1267.jpg,no_fire,train
Training/NoFire,nofire1268.jpg,no_fire,train
Training/NoFire,nofire1269.jpg,no_fire,train
Training/NoFire,nofire127.jpg,no_fire,train
Training/NoFire,nofire1270.jpg,no_fire,train
Training/NoFire,nofire1271.jpg,no_fire,train
Training/NoFire,nofire1272.jpg,no_fire,train
Training/NoFire,nofire1273.jpg,no_fire,train
Training/NoFire,nofire1274.jpg,no_fire,val
Training/NoFire,nofire1275.jpg,no_fire,val
Training/NoFire,nofire1276.jpg,no_fire,train
Training/NoFire,nofire1277.jpg,no_fire,val
Training/NoFire,nofire1278.jpg,no_fire,train
Training/NoFire,nofire1279.jpg,no_fire,val
Training/NoFire,nofire128.jpg,no_fire,train
Training/NoFire,nofire1280.jpg,no_fire,train
Training/NoFire,nofire1281.jpg,no_fire,train
Training/NoFire,nofire1282.jpg,no_fire,train
Training/NoFire,nofire1283.jpg,no_fire,train
Training/NoFire,nofire1284.jpg,no_fire,train
Training/NoFire,nofire1285.jpg,no_fire,val
Training/NoFire,nofire1286.jpg,no_fire,val
Training/NoFire,nofire1287.jpg,no_fire,train
Training/NoFire,nofire1288.jpg,no_fire,train
Training/NoFire,nofire1289.jpg,no_fire,train
Training/NoFire,nofire129.jpg,no_fire,train
Training/NoFire,nofire1290.jpg,no_fire,train
Training/NoFire,nofire1291.jpg,no_fire,train
Training/NoFire,nofire1292.jpg,no_fire,train
Training/NoFire,nofire1293.jpg,no_fire,train
Training/NoFire,nofire1294.jpg,no_fire,train
Training/NoFire,nofire1295.jpg,no_fire,val
Training/NoFire,nofire1296.jpg,no_fire,train
Training/NoFire,nofire1297.jpg,no_fire,train
Training/NoFire,nofire1298.jpg,no_fire,train
Training/NoFire,nofire1299.jpg,no_fire,train
Training/NoFire,nofire13.jpg,no_fire,train
Training/NoFire,nofire130.jpg,no_fire,val
Training/NoFire,nofire1300.jpg,no_fire,val
Training/NoFire,nofire1301.jpg,no_fire,train
Training/NoFire,nofire131.jpg,no_fire,train
Training/NoFire,nofire132.jpg,no_fire,train
Training/NoFire,nofire133.jpg,no_fire,train
Training/NoFire,nofire134.jpg,no_fire,val
Training/NoFire,nofire135.jpg,no_fire,val
Training/NoFire,nofire136.jpg,no_fire,val
Training/NoFire,nofire137.jpg,no_fire,val
Training/NoFire,nofire138.jpg,no_fire,train
Training/NoFire,nofire139.jpg,no_fire,train
Training/NoFire,nofire14.jpg,no_fire,train
Training/NoFire,nofire140.jpg,no_fire,train
Training/NoFire,nofire141.jpg,no_fire,train
Training/NoFire,nofire142.jpg,no_fire,train
Training/NoFire,nofire143.jpg,no_fire,train
Training/NoFire,nofire144.jpg,no_fire,train
Training/NoFire,nofire145.jpg,no_fire,train
Training/NoFire,nofire146.jpg,no_fire,train
Training/NoFire,nofire147.jpg,no_fire,train
Training/NoFire,nofire148.jpg,no_fire,val
Training/NoFire,nofire149.jpg,no_fire,train
Training/NoFire,nofire15.jpg,no_fire,train
Training/NoFire,nofire150.jpg,no_fire,train
Training/NoFire,nofire151.jpg,no_fire,val
Training/NoFire,nofire152.jpg,no_fire,train
Training/NoFire,nofire153.jpg,no_fire,train
Training/NoFire,nofire154.jpg,no_fire,val
Training/NoFire,nofire155.jpg,no_fire,train
Training/NoFire,nofire156.jpg,no_fire,train
Training/NoFire,nofire157.jpg,no_fire,val
Training/NoFire,nofire158.jpg,no_fire,train
Training/NoFire,nofire159.jpg,no_fire,train
Training/NoFire,nofire16.jpg,no_fire,train
Training/NoFire,nofire160.jpg,no_fire,train
Training/NoFire,nofire161.jpg,no_fire,train
Training/NoFire,nofire162.jpg,no_fire,val
Training/NoFire,nofire163.jpg,no_fire,train
Training/NoFire,nofire164.jpg,no_fire,val
Training/NoFire,nofire165.jpg,no_fire,val
Training/NoFire,nofire166.jpg,no_fire,val
Training/NoFire,nofire167.jpg,no_fire,train
Training/NoFire,nofire168.jpg,no_fire,val
Training/NoFire,nofire169.jpg,no_fire,train
Training/NoFire,nofire17.jpg,no_fire,train
Training/NoFire,nofire170.jpg,no_fire,val
Training/NoFire,nofire171.jpg,no_fire,train
Training/NoFire,nofire172.jpg,no_fire,val
Training/NoFire,nofire173.jpg,no_fire,train
Training/NoFire,nofire174.jpg,no_fire,train
Training/NoFire,nofire175.jpg,no_fire,train
Training/NoFire,nofire176.jpg,no_fire,train
Training/NoFire,nofire177.jpg,no_fire,train
Training/NoFire,nofire178.jpg,no_fire,train
Training/NoFire,nofire179.jpg,no_fire,val
Training/NoFire,nofire18.jpg,no_fire,train
Training/NoFire,nofire180.jpg,no_fire,train
Training/NoFire,nofire181.jpg,no_fire,val
Training/NoFire,nofire182.jpg,no_fire,train
Training/NoFire,nofire183.jpg,no_fire,train
Training/NoFire,nofire184.jpg,no_fire,train
Training/NoFire,nofire185.jpg,no_fire,train
Training/NoFire,nofire186.jpg,no_fire,train
Training/NoFire,nofire187.jpg,no_fire,train
Training/NoFire,nofire188.jpg,no_fire,val
Training/NoFire,nofire189.jpg,no_fire,val
Training/NoFire,nofire19.jpg,no_fire,train
Training/NoFire,nofire190.jpg,no_fire,train
Training/NoFire,nofire191.jpg,no_fire,train
Training/NoFire,nofire192.jpg,no_fire,val
Training/NoFire,nofire193.jpg,no_fire,train
Training/NoFire,nofire194.jpg,no_fire,train
Training/NoFire,nofire195.jpg,no_fire,val
Training/NoFire,nofire196.jpg,no_fire,val
Training/NoFire,nofire197.jpg,no_fire,val
Training/NoFire,nofire198.jpg,no_fire,train
Training/NoFire,nofire199.jpg,no_fire,train
Training/NoFire,nofire2.jpg,no_fire,val
Training/NoFire,nofire20.jpg,no_fire,train
Training/NoFire,nofire200.jpg,no_fire,val
Training/NoFire,nofire201.jpg,no_fire,train
Training/NoFire,nofire202.jpg,no_fire,val
Training/NoFire,nofire203.jpg,no_fire,train
Training/NoFire,nofire204.jpg,no_fire,train
Training/NoFire,nofire205.jpg,no_fire,train
Training/NoFire,nofire206.jpg,no_fire,train
Training/NoFire,nofire207.jpg,no_fire,train
Training/NoFire,nofire208.jpg,no_fire,val
Training/NoFire,nofire209.jpg,no_fire,val
Training/NoFire,nofire21.jpg,no_fire,train
Training/NoFire,nofire210.jpg,no_fire,train
Training/NoFire,nofire211.jpg,no_fire,val
Training/NoFire,nofire212.jpg,no_fire,val
Training/NoFire,nofire213.jpg,no_fire,train
Training/NoFire,nofire214.jpg,no_fire,train
Training/NoFire,nofire215.jpg,no_fire,train
Training/NoFire,nofire216.jpg,no_fire,val
Training/NoFire,nofire217.jpg,no_fire,val
Training/NoFire,nofire218.jpg,no_fire,val
Training/NoFire,nofire219.jpg,no_fire,train
Training/NoFire,nofire22.jpg,no_fire,val
Training/NoFire,nofire220.jpg,no_fire,train
Training/NoFire,nofire221.jpg,no_fire,train
Training/NoFire,nofire222.jpg,no_fire,train
Training/NoFire,nofire223.jpg,no_fire,train
Training/NoFire,nofire224.jpg,no_fire,train
Training/NoFire,nofire225.jpg,no_fire,train
Training/NoFire,nofire226.jpg,no_fire,val
Training/NoFire,nofire227.jpg,no_fire,val
Training/NoFire,nofire228.jpg,no_fire,val
Training/NoFire,nofire229.jpg,no_fire,train
Training/NoFire,nofire23.jpg,no_fire,train
Training/NoFire,nofire230.jpg,no_fire,train
Training/NoFire,nofire231.jpg,no_fire,train
Training/NoFire,nofire232.jpg,no_fire,val
Training/NoFire,nofire233.jpg,no_fire,val
Training/NoFire,nofire234.jpg,no_fire,train
Training/NoFire,nofire235.jpg,no_fire,val
Training/NoFire,nofire236.jpg,no_fire,val
Training/NoFire,nofire237.jpg,no_fire,train
Training/NoFire,nofire238.jpg,no_fire,train
Training/NoFire,nofire239.jpg,no_fire,train
Training/NoFire,nofire24.jpg,no_fire,train
Training/NoFire,nofire240.jpg,no_fire,val
Training/NoFire,nofire241.jpg,no_fire,train
Training/NoFire,nofire242.jpg,no_fire,train
Training/NoFire,nofire243.jpg,no_fire,val
Training/NoFire,nofire244.jpg,no_fire,val
Training/NoFire,nofire245.jpg,no_fire,train
Training/NoFire,nofire246.jpg,no_fire,val
Training/NoFire,nofire247.jpg,no_fire,train
Training/NoFire,nofire248.jpg,no_fire,val
Training/NoFire,nofire249.jpg,no_fire,train
Training/NoFire,nofire25.jpg,no_fire,train
Training/NoFire,nofire250.jpg,no_fire,val
Training/NoFire,nofire251.jpg,no_fire,train
Training/NoFire,nofire252.jpg,no_fire,train
Training/NoFire,nofire253.jpg,no_fire,train
Training/NoFire,nofire254.jpg,no_fire,val
Training/NoFire,nofire255.jpg,no_fire,train
Training/NoFire,nofire256.jpg,no_fire,train
Training/NoFire,nofire257.jpg,no_fire,train
Training/NoFire,nofire258.jpg,no_fire,val
Training/NoFire,nofire259.jpg,no_fire,train
Training/NoFire,nofire26.jpg,no_fire,val
Training/NoFire,nofire260.jpg,no_fire,val
Training/NoFire,nofire261.jpg,no_fire,train
Training/NoFire,nofire262.jpg,no_fire,val
Training/NoFire,nofire263.jpg,no_fire,train
Training/NoFire,nofire264.jpg,no_fire,train
Training/NoFire,nofire265.jpg,no_fire,val
Training/NoFire,nofire266.jpg,no_fire,train
Training/NoFire,nofire267.jpg,no_fire,train
Training/NoFire,nofire268.jpg,no_fire,train
Training/NoFire,nofire269.jpg,no_fire,train
Training/NoFire,nofire27.jpg,no_fire,train
Training/NoFire,nofire270.jpg,no_fire,train
Training/NoFire,nofire271.jpg,no_fire,train
Training/NoFire,nofire272.jpg,no_fire,train
Training/NoFire,nofire273.jpg,no_fire,train
Training/NoFire,nofire274.jpg,no_fire,val
Training/NoFire,nofire275.jpg,no_fire,val
Training/NoFire,nofire276.jpg,no_fire,val
Training/NoFire,nofire277.jpg,no_fire,train
Training/NoFire,nofire278.jpg,no_fire,val
Training/NoFire,nofire279.jpg,no_fire,train
Training/NoFire,nofire28.jpg,no_fire,val
Training/NoFire,nofire280.jpg,no_fire,val
Training/NoFire,nofire281.jpg,no_fire,train
Training/NoFire,nofire282.jpg,no_fire,train
Training/NoFire,nofire283.jpg,no_fire,train
Training/NoFire,nofire284.jpg,no_fire,train
Training/NoFire,nofire285.jpg,no_fire,val
Training/NoFire,nofire286.jpg,no_fire,val
Training/NoFire,nofire287.jpg,no_fire,val
Training/NoFire,nofire288.jpg,no_fire,val
Training/NoFire,nofire289.jpg,no_fire,train
Training/NoFire,nofire29.jpg,no_fire,train
Training/NoFire,nofire290.jpg,no_fire,train
Training/NoFire,nofire291.jpg,no_fire,train
Training/NoFire,nofire292.jpg,no_fire,train
Training/NoFire,nofire293.jpg,no_fire,train
Training/NoFire,nofire294.jpg,no_fire,train
Training/NoFire,nofire295.jpg,no_fire,train
Training/NoFire,nofire296.jpg,no_fire,val
Training/NoFire,nofire297.jpg,no_fire,val
Training/NoFire,nofire298.jpg,no_fire,train
Training/NoFire,nofire299.jpg,no_fire,val
Training/NoFire,nofire3.jpg,no_fire,train
Training/NoFire,nofire30.jpg,no_fire,val
Training/NoFire,nofire300.jpg,no_fire,train
Training/NoFire,nofire301.jpg,no_fire,val
Training/NoFire,nofire302.jpg,no_fire,val
Training/NoFire,nofire303.jpg,no_fire,train
Training/NoFire,nofire304.jpg,no_fire,train
Training/NoFire,nofire305.jpg,no_fire,train
Training/NoFire,nofire306.jpg,no_fire,train
Training/NoFire,nofire307.jpg,no_fire,train
Training/NoFire,nofire308.jpg,no_fire,train
Training/NoFire,nofire309.jpg,no_fire,val
Training/NoFire,nofire31.jpg,no_fire,val
Training/NoFire,nofire310.jpg,no_fire,train
Training/NoFire,nofire311.jpg,no_fire,train
Training/NoFire,nofire312.jpg,no_fire,train
Training/NoFire,nofire313.jpg,no_fire,val
Training/NoFire,nofire314.jpg,no_fire,val
Training/NoFire,nofire315.jpg,no_fire,val
Training/NoFire,nofire316.jpg,no_fire,val
Training/NoFire,nofire317.jpg,no_fire,train
Training/NoFire,nofire318.jpg,no_fire,train
Training/NoFire,nofire319.jpg,no_fire,train
Training/NoFire,nofire32.jpg,no_fire,train
Training/NoFire,nofire320.jpg,no_fire,val
Training/NoFire,nofire321.jpg,no_fire,train
Training/NoFire,nofire322.jpg,no_fire,train
Training/NoFire,nofire323.jpg,no_fire,train
Training/NoFire,nofire324.jpg,no_fire,train
Training/NoFire,nofire325.jpg,no_fire,val
Training/NoFire,nofire326.jpg,no_fire,train
Training/NoFire,nofire327.jpg,no_fire,train
Training/NoFire,nofire328.jpg,no_fire,train
Training/NoFire,nofire329.jpg,no_fire,val
Training/NoFire,nofire33.jpg,no_fire,train
Training/NoFire,nofire330.jpg,no_fire,train
Training/NoFire,nofire331.jpg,no_fire,train
Training/NoFire,nofire332.jpg,no_fire,train
Training/NoFire,nofire333.jpg,no_fire,val
Training/NoFire,nofire334.jpg,no_fire,val
Training/NoFire,nofire335.jpg,no_fire,val
Training/NoFire,nofire336.jpg,no_fire,val
Training/NoFire,nofire337.jpg,no_fire,train
Training/NoFire,nofire338.jpg,no_fire,val
Training/NoFire,nofire339.jpg,no_fire,val
Training/NoFire,nofire34.jpg,no_fire,train
Training/NoFire,nofire340.jpg,no_fire,train
Training/NoFire,nofire341.jpg,no_fire,val
Training/NoFire,nofire342.jpg,no_fire,train
Training/NoFire,nofire343.jpg,no_fire,val
Training/NoFire,nofire344.jpg,no_fire,train
Training/NoFire,nofire345.jpg,no_fire,val
Training/NoFire,nofire346.jpg,no_fire,val
Training/NoFire,nofire347.jpg,no_fire,val
Training/NoFire,nofire348.jpg,no_fire,val
Training/NoFire,nofire349.jpg,no_fire,train
Training/NoFire,nofire35.jpg,no_fire,train
Training/NoFire,nofire350.jpg,no_fire,val
Training/NoFire,nofire351.jpg,no_fire,train
Training/NoFire,nofire352.jpg,no_fire,train
Training/NoFire,nofire353.jpg,no_fire,train
Training/NoFire,nofire354.jpg,no_fire,train
Training/NoFire,nofire355.jpg,no_fire,train
Training/NoFire,nofire356.jpg,no_fire,val
Training/NoFire,nofire357.jpg,no_fire,train
Training/NoFire,nofire358.jpg,no_fire,train
Training/NoFire,nofire359.jpg,no_fire,val
Training/NoFire,nofire36.jpg,no_fire,val
Training/NoFire,nofire360.jpg,no_fire,val
Training/NoFire,nofire361.jpg,no_fire,train
Training/NoFire,nofire362.jpg,no_fire,train
Training/NoFire,nofire363.jpg,no_fire,train
Training/NoFire,nofire364.jpg,no_fire,train
Training/NoFire,nofire365.jpg,no_fire,train
Training/NoFire,nofire366.jpg,no_fire,val
Training/NoFire,nofire367.jpg,no_fire,train
Training/NoFire,nofire368.jpg,no_fire,train
Training/NoFire,nofire369.jpg,no_fire,train
Training/NoFire,nofire37.jpg,no_fire,val
Training/NoFire,nofire370.jpg,no_fire,train
Training/NoFire,nofire371.jpg,no_fire,train
Training/NoFire,nofire372.jpg,no_fire,train
Training/NoFire,nofire373.jpg,no_fire,train
Training/NoFire,nofire374.jpg,no_fire,val
Training/NoFire,nofire375.jpg,no_fire,train
Training/NoFire,nofire376.jpg,no_fire,val
Training/NoFire,nofire377.jpg,no_fire,val
Training/NoFire,nofire378.jpg,no_fire,train
Training/NoFire,nofire379.jpg,no_fire,train
Training/NoFire,nofire38.jpg,no_fire,val
Training/NoFire,nofire380.jpg,no_fire,train
Training/NoFire,nofire381.jpg,no_fire,val
Training/NoFire,nofire382.jpg,no_fire,val
Training/NoFire,nofire383.jpg,no_fire,train
Training/NoFire,nofire384.jpg,no_fire,val
Training/NoFire,nofire385.jpg,no_fire,train
Training/NoFire,nofire386.jpg,no_fire,train
Training/NoFire,nofire387.jpg,no_fire,val
Training/NoFire,nofire388.jpg,no_fire,train
Training/NoFire,nofire389.jpg,no_fire,train
Training/NoFire,nofire39.jpg,no_fire,train
Training/NoFire,nofire390.jpg,no_fire,val
Training/NoFire,nofire391.jpg,no_fire,train
Training/NoFire,nofire392.jpg,no_fire,train
Training/NoFire,nofire393.jpg,no_fire,train
Training/NoFire,nofire394.jpg,no_fire,train
Training/NoFire,nofire395.jpg,no_fire,train
Training/NoFire,nofire396.jpg,no_fire,val
Training/NoFire,nofire397.jpg,no_fire,val
Training/NoFire,nofire398.jpg,no_fire,train
Training/NoFire,nofire399.jpg,no_fire,train
Training/NoFire,nofire4.jpg,no_fire,train
Training/NoFire,nofire40.jpg,no_fire,val
Training/NoFire,nofire400.jpg,no_fire,train
Training/NoFire,nofire401.jpg,no_fire,train
Training/NoFire,nofire402.jpg,no_fire,val
Training/NoFire,nofire403.jpg,no_fire,val
Training/NoFire,nofire404.jpg,no_fire,train
Training/NoFire,nofire405.jpg,no_fire,train
Training/NoFire,nofire406.jpg,no_fire,train
Training/NoFire,nofire407.jpg,no_fire,train
Training/NoFire,nofire408.jpg,no_fire,train
Training/NoFire,nofire409.jpg,no_fire,train
Training/NoFire,nofire41.jpg,no_fire,train
Training/NoFire,nofire410.jpg,no_fire,train
Training/NoFire,nofire411.jpg,no_fire,train
Training/NoFire,nofire412.jpg,no_fire,val
Training/NoFire,nofire413.jpg,no_fire,train
Training/NoFire,nofire414.jpg,no_fire,train
Training/NoFire,nofire415.jpg,no_fire,val
Training/NoFire,nofire416.jpg,no_fire,val
Training/NoFire,nofire417.jpg,no_fire,train
Training/NoFire,nofire418.jpg,no_fire,train
Training/NoFire,nofire419.jpg,no_fire,train
Training/NoFire,nofire42.jpg,no_fire,train
Training/NoFire,nofire420.jpg,no_fire,train
Training/NoFire,nofire421.jpg,no_fire,val
Training/NoFire,nofire422.jpg,no_fire,val
Training/NoFire,nofire423.jpg,no_fire,train
Training/NoFire,nofire424.jpg,no_fire,train
Training/NoFire,nofire425.jpg,no_fire,train
Training/NoFire,nofire426.jpg,no_fire,val
Training/NoFire,nofire427.jpg,no_fire,train
Training/NoFire,nofire428.jpg,no_fire,val
Training/NoFire,nofire429.jpg,no_fire,train
Training/NoFire,nofire43.jpg,no_fire,val
Training/NoFire,nofire430.jpg,no_fire,train
Training/NoFire,nofire431.jpg,no_fire,val
Training/NoFire,nofire432.jpg,no_fire,train
Training/NoFire,nofire433.jpg,no_fire,val
Training/NoFire,nofire434.jpg,no_fire,train
Training/NoFire,nofire435.jpg,no_fire,train
Training/NoFire,nofire436.jpg,no_fire,val
Training/NoFire,nofire437.jpg,no_fire,train
Training/NoFire,nofire438.jpg,no_fire,train
Training/NoFire,nofire439.jpg,no_fire,train
Training/NoFire,nofire44.jpg,no_fire,train
Training/NoFire,nofire440.jpg,no_fire,train
Training/NoFire,nofire441.jpg,no_fire,train
Training/NoFire,nofire442.jpg,no_fire,train
Training/NoFire,nofire443.jpg,no_fire,train
Training/NoFire,nofire444.jpg,no_fire,train
Training/NoFire,nofire445.jpg,no_fire,train
Training/NoFire,nofire446.jpg,no_fire,val
Training/NoFire,nofire447.jpg,no_fire,train
Training/NoFire,nofire448.jpg,no_fire,train
Training/NoFire,nofire449.jpg,no_fire,train
Training/NoFire,nofire45.jpg,no_fire,val
Training/NoFire,nofire450.jpg,no_fire,train
Training/NoFire,nofire451.jpg,no_fire,train
Training/NoFire,nofire452.jpg,no_fire,train
Training/NoFire,nofire453.jpg,no_fire,val
Training/NoFire,nofire454.jpg,no_fire,train
Training/NoFire,nofire455.jpg,no_fire,val
Training/NoFire,nofire456.jpg,no_fire,train
Training/NoFire,nofire457.jpg,no_fire,val
Training/NoFire,nofire458.jpg,no_fire,train
Training/NoFire,nofire459.jpg,no_fire,train
Training/NoFire,nofire46.jpg,no_fire,train
Training/NoFire,nofire460.jpg,no_fire,train
Training/NoFire,nofire461.jpg,no_fire,val
Training/NoFire,nofire462.jpg,no_fire,train
Training/NoFire,nofire463.jpg,no_fire,train
Training/NoFire,nofire464.jpg,no_fire,train
Training/NoFire,nofire465.jpg,no_fire,train
Training/NoFire,nofire466.jpg,no_fire,train
Training/NoFire,nofire467.jpg,no_fire,train
Training/NoFire,nofire468.jpg,no_fire,train
Training/NoFire,nofire469.jpg,no_fire,train
Training/NoFire,nofire47.jpg,no_fire,train
Training/NoFire,nofire470.jpg,no_fire,train
Training/NoFire,nofire471.jpg,no_fire,train
Training/NoFire,nofire472.jpg,no_fire,train
Training/NoFire,nofire473.jpg,no_fire,train
Training/NoFire,nofire474.jpg,no_fire,train
Training/NoFire,nofire475.jpg,no_fire,train
Training/NoFire,nofire476.jpg,no_fire,train
Training/NoFire,nofire477.jpg,no_fire,train
Training/NoFire,nofire478.jpg,no_fire,val
Training/NoFire,nofire479.jpg,no_fire,train
Training/NoFire,nofire48.jpg,no_fire,val
Training/NoFire,nofire480.jpg,no_fire,train
Training/NoFire,nofire481.jpg,no_fire,train
Training/NoFire,nofire482.jpg,no_fire,train
Training/NoFire,nofire483.jpg,no_fire,train
Training/NoFire,nofire484.jpg,no_fire,train
Training/NoFire,nofire485.jpg,no_fire,train
Training/NoFire,nofire486.jpg,no_fire,train
Training/NoFire,nofire487.jpg,no_fire,train
Training/NoFire,nofire488.jpg,no_fire,val
Training/NoFire,nofire489.jpg,no_fire,train
Training/NoFire,nofire49.jpg,no_fire,val
Training/NoFire,nofire490.jpg,no_fire,train
Training/NoFire,nofire491.jpg,no_fire,val
Training/NoFire,nofire492.jpg,no_fire,train
Training/NoFire,nofire493.jpg,no_fire,train
Training/NoFire,nofire494.jpg,no_fire,val
Training/NoFire,nofire495.jpg,no_fire,val
Training/NoFire,nofire496.jpg,no_fire,train
Training/NoFire,nofire497.jpg,no_fire,val
Training/NoFire,nofire498.jpg,no_fire,val
Training/NoFire,nofire499.jpg,no_fire,train
Training/NoFire,nofire5.jpg,no_fire,train
Training/NoFire,nofire50.jpg,no_fire,train
Training/NoFire,nofire500.jpg,no_fire,val
Training/NoFire,nofire501.jpg,no_fire,train
Training/NoFire,nofire502.jpg,no_fire,train
Training/NoFire,nofire503.jpg,no_fire,train
Training/NoFire,nofire504.jpg,no_fire,val
Training/NoFire,nofire505.jpg,no_fire,train
Training/NoFire,nofire506.jpg,no_fire,train
Training/NoFire,nofire507.jpg,no_fire,train
Training/NoFire,nofire508.jpg,no_fire,train
Training/NoFire,nofire509.jpg,no_fire,train
Training/NoFire,nofire51.jpg,no_fire,train
Training/NoFire,nofire510.jpg,no_fire,train
Training/NoFire,nofire511.jpg,no_fire,val
Training/NoFire,nofire512.jpg,no_fire,train
Training/NoFire,nofire513.jpg,no_fire,train
Training/NoFire,nofire514.jpg,no_fire,train
Training/NoFire,nofire515.jpg,no_fire,train
Training/NoFire,nofire516.jpg,no_fire,train
Training/NoFire,nofire517.jpg,no_fire,val
Training/NoFire,nofire518.jpg,no_fire,train
Training/NoFire,nofire519.jpg,no_fire,train
Training/NoFire,nofire52.jpg,no_fire,train
Training/NoFire,nofire520.jpg,no_fire,train
Training/NoFire,nofire521.jpg,no_fire,train
Training/NoFire,nofire522.jpg,no_fire,val
Training/NoFire,nofire523.jpg,no_fire,train
Training/NoFire,nofire524.jpg,no_fire,train
Training/NoFire,nofire525.jpg,no_fire,train
Training/NoFire,nofire526.jpg,no_fire,val
Training/NoFire,nofire527.jpg,no_fire,train
Training/NoFire,nofire528.jpg,no_fire,val
Training/NoFire,nofire529.jpg,no_fire,val
Training/NoFire,nofire53.jpg,no_fire,train
Training/NoFire,nofire530.jpg,no_fire,val
Training/NoFire,nofire531.jpg,no_fire,train
Training/NoFire,nofire532.jpg,no_fire,val
Training/NoFire,nofire533.jpg,no_fire,train
Training/NoFire,nofire534.jpg,no_fire,val
Training/NoFire,nofire535.jpg,no_fire,val
Training/NoFire,nofire536.jpg,no_fire,train
Training/NoFire,nofire537.jpg,no_fire,train
Training/NoFire,nofire538.jpg,no_fire,train
Training/NoFire,nofire539.jpg,no_fire,train
Training/NoFire,nofire54.jpg,no_fire,train
Training/NoFire,nofire540.jpg,no_fire,train
Training/NoFire,nofire541.jpg,no_fire,train
Training/NoFire,nofire542.jpg,no_fire,val
Training/NoFire,nofire543.jpg,no_fire,val
Training/NoFire,nofire544.jpg,no_fire,val
Training/NoFire,nofire545.jpg,no_fire,train
Training/NoFire,nofire546.jpg,no_fire,val
Training/NoFire,nofire547.jpg,no_fire,val
Training/NoFire,nofire548.jpg,no_fire,train
Training/NoFire,nofire549.jpg,no_fire,train
Training/NoFire,nofire55.jpg,no_fire,train
Training/NoFire,nofire550.jpg,no_fire,train
Training/NoFire,nofire551.jpg,no_fire,train
Training/NoFire,nofire552.jpg,no_fire,train
Training/NoFire,nofire553.jpg,no_fire,val
Training/NoFire,nofire554.jpg,no_fire,train
Training/NoFire,nofire555.jpg,no_fire,val
Training/NoFire,nofire556.jpg,no_fire,val
Training/NoFire,nofire557.jpg,no_fire,train
Training/NoFire,nofire558.jpg,no_fire,train
Training/NoFire,nofire559.jpg,no_fire,val
Training/NoFire,nofire56.jpg,no_fire,val
Training/NoFire,nofire560.jpg,no_fire,train
Training/NoFire,nofire561.jpg,no_fire,train
Training/NoFire,nofire562.jpg,no_fire,train
Training/NoFire,nofire563.jpg,no_fire,train
Training/NoFire,nofire564.jpg,no_fire,train
Training/NoFire,nofire565.jpg,no_fire,train
Training/NoFire,nofire566.jpg,no_fire,train
Training/NoFire,nofire567.jpg,no_fire,train
Training/NoFire,nofire568.jpg,no_fire,train
Training/NoFire,nofire569.jpg,no_fire,val
Training/NoFire,nofire57.jpg,no_fire,train
Training/NoFire,nofire570.jpg,no_fire,val
Training/NoFire,nofire571.jpg,no_fire,val
Training/NoFire,nofire572.jpg,no_fire,train
Training/NoFire,nofire573.jpg,no_fire,train
Training/NoFire,nofire574.jpg,no_fire,train
Training/NoFire,nofire575.jpg,no_fire,train
Training/NoFire,nofire576.jpg,no_fire,train
Training/NoFire,nofire577.jpg,no_fire,train
Training/NoFire,nofire578.jpg,no_fire,train
Training/NoFire,nofire579.jpg,no_fire,val
Training/NoFire,nofire58.jpg,no_fire,train
Training/NoFire,nofire580.jpg,no_fire,train
Training/NoFire,nofire581.jpg,no_fire,train
Training/NoFire,nofire582.jpg,no_fire,val
Training/NoFire,nofire583.jpg,no_fire,train
Training/NoFire,nofire584.jpg,no_fire,train
Training/NoFire,nofire585.jpg,no_fire,train
Training/NoFire,nofire586.jpg,no_fire,train
Training/NoFire,nofire587.jpg,no_fire,train
Training/NoFire,nofire588.jpg,no_fire,train
Training/NoFire,nofire589.jpg,no_fire,val
Training/NoFire,nofire59.jpg,no_fire,train
Training/NoFire,nofire590.jpg,no_fire,val
Training/NoFire,nofire591.jpg,no_fire,val
Training/NoFire,nofire592.jpg,no_fire,train
Training/NoFire,nofire593.jpg,no_fire,val
Training/NoFire,nofire594.jpg,no_fire,train
Training/NoFire,nofire595.jpg,no_fire,train
Training/NoFire,nofire596.jpg,no_fire,train
Training/NoFire,nofire597.jpg,no_fire,train
Training/NoFire,nofire598.jpg,no_fire,val
Training/NoFire,nofire599.jpg,no_fire,train
Training/NoFire,nofire6.jpg,no_fire,val
Training/NoFire,nofire60.jpg,no_fire,val
Training/NoFire,nofire600.jpg,no_fire,train
Training/NoFire,nofire601.jpg,no_fire,val
Training/NoFire,nofire602.jpg,no_fire,train
Training/NoFire,nofire603.jpg,no_fire,train
Training/NoFire,nofire604.jpg,no_fire,val
Training/NoFire,nofire605.jpg,no_fire,val
Training/NoFire,nofire606.jpg,no_fire,train
Training/NoFire,nofire607.jpg,no_fire,val
Training/NoFire,nofire608.jpg,no_fire,train
Training/NoFire,nofire609.jpg,no_fire,train
Training/NoFire,nofire61.jpg,no_fire,train
Training/NoFire,nofire610.jpg,no_fire,val
Training/NoFire,nofire611.jpg,no_fire,train
Training/NoFire,nofire612.jpg,no_fire,val
Training/NoFire,nofire613.jpg,no_fire,train
Training/NoFire,nofire614.jpg,no_fire,train
Training/NoFire,nofire615.jpg,no_fire,train
Training/NoFire,nofire616.jpg,no_fire,train
Training/NoFire,nofire617.jpg,no_fire,train
Training/NoFire,nofire618.jpg,no_fire,train
Training/NoFire,nofire619.jpg,no_fire,val
Training/NoFire,nofire62.jpg,no_fire,train
Training/NoFire,nofire620.jpg,no_fire,train
Training/NoFire,nofire621.jpg,no_fire,train
Training/NoFire,nofire622.jpg,no_fire,train
Training/NoFire,nofire623.jpg,no_fire,train
Training/NoFire,nofire624.jpg,no_fire,val
Training/NoFire,nofire625.jpg,no_fire,train
Training/NoFire,nofire626.jpg,no_fire,train
Training/NoFire,nofire627.jpg,no_fire,val
Training/NoFire,nofire628.jpg,no_fire,train
Training/NoFire,nofire629.jpg,no_fire,train
Training/NoFire,nofire63.jpg,no_fire,train
Training/NoFire,nofire630.jpg,no_fire,train
Training/NoFire,nofire631.jpg,no_fire,train
Training/NoFire,nofire632.jpg,no_fire,val
Training/NoFire,nofire633.jpg,no_fire,val
Training/NoFire,nofire634.jpg,no_fire,train
Training/NoFire,nofire635.jpg,no_fire,val
Training/NoFire,nofire636.jpg,no_fire,train
Training/NoFire,nofire637.jpg,no_fire,train
Training/NoFire,nofire638.jpg,no_fire,train
Training/NoFire,nofire639.jpg,no_fire,train
Training/NoFire,nofire64.jpg,no_fire,train
Training/NoFire,nofire640.jpg,no_fire,val
Training/NoFire,nofire641.jpg,no_fire,train
Training/NoFire,nofire642.jpg,no_fire,val
Training/NoFire,nofire643.jpg,no_fire,val
Training/NoFire,nofire644.jpg,no_fire,train
Training/NoFire,nofire645.jpg,no_fire,train
Training/NoFire,nofire646.jpg,no_fire,train
Training/NoFire,nofire647.jpg,no_fire,train
Training/NoFire,nofire648.jpg,no_fire,val
Training/NoFire,nofire649.jpg,no_fire,val
Training/NoFire,nofire65.jpg,no_fire,train
Training/NoFire,nofire650.jpg,no_fire,train
Training/NoFire,nofire651.jpg,no_fire,val
Training/NoFire,nofire652.jpg,no_fire,train
Training/NoFire,nofire653.jpg,no_fire,train
Training/NoFire,nofire654.jpg,no_fire,val
Training/NoFire,nofire655.jpg,no_fire,val
Training/NoFire,nofire656.jpg,no_fire,train
Training/NoFire,nofire657.jpg,no_fire,train
Training/NoFire,nofire658.jpg,no_fire,val
Training/NoFire,nofire659.jpg,no_fire,train
Training/NoFire,nofire66.jpg,no_fire,train
Training/NoFire,nofire660.jpg,no_fire,train
Training/NoFire,nofire661.jpg,no_fire,train
Training/NoFire,nofire662.jpg,no_fire,train
Training/NoFire,nofire663.jpg,no_fire,train
Training/NoFire,nofire664.jpg,no_fire,train
Training/NoFire,nofire665.jpg,no_fire,val
Training/NoFire,nofire666.jpg,no_fire,train
Training/NoFire,nofire667.jpg,no_fire,train
Training/NoFire,nofire668.jpg,no_fire,train
Training/NoFire,nofire669.jpg,no_fire,val
Training/NoFire,nofire67.jpg,no_fire,train
Training/NoFire,nofire670.jpg,no_fire,train
Training/NoFire,nofire671.jpg,no_fire,train
Training/NoFire,nofire672.jpg,no_fire,train
Training/NoFire,nofire673.jpg,no_fire,train
Training/NoFire,nofire674.jpg,no_fire,train
Training/NoFire,nofire675.jpg,no_fire,train
Training/NoFire,nofire676.jpg,no_fire,train
Training/NoFire,nofire677.jpg,no_fire,val
Training/NoFire,nofire678.jpg,no_fire,val
Training/NoFire,nofire679.jpg,no_fire,train
Training/NoFire,nofire68.jpg,no_fire,train
Training/NoFire,nofire680.jpg,no_fire,train
Training/NoFire,nofire681.jpg,no_fire,train
Training/NoFire,nofire682.jpg,no_fire,train
Training/NoFire,nofire683.jpg,no_fire,train
Training/NoFire,nofire684.jpg,no_fire,train
Training/NoFire,nofire685.jpg,no_fire,train
Training/NoFire,nofire686.jpg,no_fire,train
Training/NoFire,nofire687.jpg,no_fire,train
Training/NoFire,nofire688.jpg,no_fire,val
Training/NoFire,nofire689.jpg,no_fire,val
Training/NoFire,nofire69.jpg,no_fire,train
Training/NoFire,nofire690.jpg,no_fire,train
Training/NoFire,nofire691.jpg,no_fire,train
Training/NoFire,nofire692.jpg,no_fire,train
Training/NoFire,nofire693.jpg,no_fire,train
Training/NoFire,nofire694.jpg,no_fire,train
Training/NoFire,nofire695.jpg,no_fire,train
Training/NoFire,nofire696.jpg,no_fire,val
Training/NoFire,nofire697.jpg,no_fire,val
Training/NoFire,nofire698.jpg,no_fire,train
Training/NoFire,nofire699.jpg,no_fire,train
Training/NoFire,nofire7.jpg,no_fire,val
Training/NoFire,nofire70.jpg,no_fire,train
Training/NoFire,nofire700.jpg,no_fire,train
Training/NoFire,nofire701.jpg,no_fire,val
Training/NoFire,nofire702.jpg,no_fire,train
Training/NoFire,nofire703.jpg,no_fire,train
Training/NoFire,nofire704.jpg,no_fire,train
Training/NoFire,nofire705.jpg,no_fire,train
Training/NoFire,nofire706.jpg,no_fire,train
Training/NoFire,nofire707.jpg,no_fire,val
Training/NoFire,nofire708.jpg,no_fire,train
Training/NoFire,nofire709.jpg,no_fire,train
Training/NoFire,nofire71.jpg,no_fire,train
Training/NoFire,nofire710.jpg,no_fire,val
Training/NoFire,nofire711.jpg,no_fire,train
Training/NoFire,nofire712.jpg,no_fire,val
Training/NoFire,nofire713.jpg,no_fire,val
Training/NoFire,nofire714.jpg,no_fire,train
Training/NoFire,nofire715.jpg,no_fire,train
Training/NoFire,nofire716.jpg,no_fire,train
Training/NoFire,nofire717.jpg,no_fire,val
Training/NoFire,nofire718.jpg,no_fire,train
Training/NoFire,nofire719.jpg,no_fire,train
Training/NoFire,nofire72.jpg,no_fire,train
Training/NoFire,nofire720.jpg,no_fire,train
Training/NoFire,nofire721.jpg,no_fire,train
Training/NoFire,nofire722.jpg,no_fire,train
Training/NoFire,nofire723.jpg,no_fire,train
Training/NoFire,nofire724.jpg,no_fire,val
Training/NoFire,nofire725.jpg,no_fire,train
Training/NoFire,nofire726.jpg,no_fire,val
Training/NoFire,nofire727.jpg,no_fire,train
Training/NoFire,nofire728.jpg,no_fire,train
Training/NoFire,nofire729.jpg,no_fire,train
Training/NoFire,nofire73.jpg,no_fire,train
Training/NoFire,nofire730.jpg,no_fire,val
Training/NoFire,nofire731.jpg,no_fire,val
Training/NoFire,nofire732.jpg,no_fire,val
Training/NoFire,nofire733.jpg,no_fire,train
Training/NoFire,nofire734.jpg,no_fire,val
Training/NoFire,nofire735.jpg,no_fire,train
Training/NoFire,nofire736.jpg,no_fire,train
Training/NoFire,nofire737.jpg,no_fire,train
Training/NoFire,nofire738.jpg,no_fire,train
Training/NoFire,nofire739.jpg,no_fire,train
Training/NoFire,nofire74.jpg,no_fire,train
Training/NoFire,nofire740.jpg,no_fire,train
Training/NoFire,nofire741.jpg,no_fire,val
Training/NoFire,nofire742.jpg,no_fire,train
Training/NoFire,nofire743.jpg,no_fire,train
Training/NoFire,nofire744.jpg,no_fire,train
Training/NoFire,nofire745.jpg,no_fire,val
Training/NoFire,nofire746.jpg,no_fire,val
Training/NoFire,nofire747.jpg,no_fire,train
Training/NoFire,nofire748.jpg,no_fire,train
Training/NoFire,nofire749.jpg,no_fire,train
Training/NoFire,nofire75.jpg,no_fire,train
Training/NoFire,nofire750.jpg,no_fire,train
Training/NoFire,nofire751.jpg,no_fire,train
Training/NoFire,nofire752.jpg,no_fire,train
Training/NoFire,nofire753.jpg,no_fire,train
Training/NoFire,nofire754.jpg,no_fire,train
Training/NoFire,nofire755.jpg,no_fire,val
Training/NoFire,nofire756.jpg,no_fire,train
Training/NoFire,nofire757.jpg,no_fire,train
Training/NoFire,nofire758.jpg,no_fire,val
Training/NoFire,nofire759.jpg,no_fire,train
Training/NoFire,nofire76.jpg,no_fire,train
Training/NoFire,nofire760.jpg,no_fire,train
Training/NoFire,nofire761.jpg,no_fire,train
Training/NoFire,nofire762.jpg,no_fire,train
Training/NoFire,nofire763.jpg,no_fire,val
Training/NoFire,nofire764.jpg,no_fire,val
Training/NoFire,nofire765.jpg,no_fire,train
Training/NoFire,nofire766.jpg,no_fire,val
Training/NoFire,nofire767.jpg,no_fire,train
Training/NoFire,nofire768.jpg,no_fire,train
Training/NoFire,nofire769.jpg,no_fire,val
Training/NoFire,nofire77.jpg,no_fire,val
Training/NoFire,nofire770.jpg,no_fire,train
Training/NoFire,nofire771.jpg,no_fire,val
Training/NoFire,nofire772.jpg,no_fire,train
Training/NoFire,nofire773.jpg,no_fire,train
Training/NoFire,nofire774.jpg,no_fire,train
Training/NoFire,nofire775.jpg,no_fire,train
Training/NoFire,nofire776.jpg,no_fire,train
Training/NoFire,nofire777.jpg,no_fire,train
Training/NoFire,nofire778.jpg,no_fire,train
Training/NoFire,nofire779.jpg,no_fire,train
Training/NoFire,nofire78.jpg,no_fire,train
Training/NoFire,nofire780.jpg,no_fire,val
Training/NoFire,nofire781.jpg,no_fire,train
Training/NoFire,nofire782.jpg,no_fire,train
Training/NoFire,nofire783.jpg,no_fire,train
Training/NoFire,nofire784.jpg,no_fire,val
Training/NoFire,nofire785.jpg,no_fire,val
Training/NoFire,nofire786.jpg,no_fire,train
Training/NoFire,nofire787.jpg,no_fire,train
Training/NoFire,nofire788.jpg,no_fire,val
Training/NoFire,nofire789.jpg,no_fire,val
Training/NoFire,nofire79.jpg,no_fire,train
Training/NoFire,nofire790.jpg,no_fire,train
Training/NoFire,nofire791.jpg,no_fire,train
Training/NoFire,nofire792.jpg,no_fire,train
Training/NoFire,nofire793.jpg,no_fire,train
Training/NoFire,nofire794.jpg,no_fire,val
Training/NoFire,nofire795.jpg,no_fire,train
Training/NoFire,nofire796.jpg,no_fire,train
Training/NoFire,nofire797.jpg,no_fire,train
Training/NoFire,nofire798.jpg,no_fire,train
Training/NoFire,nofire799.jpg,no_fire,val
Training/NoFire,nofire8.jpg,no_fire,train
Training/NoFire,nofire80.jpg,no_fire,val
Training/NoFire,nofire800.jpg,no_fire,train
Training/NoFire,nofire801.jpg,no_fire,train
Training/NoFire,nofire802.jpg,no_fire,val
Training/NoFire,nofire803.jpg,no_fire,val
Training/NoFire,nofire804.jpg,no_fire,train
Training/NoFire,nofire805.jpg,no_fire,val
Training/NoFire,nofire806.jpg,no_fire,train
Training/NoFire,nofire807.jpg,no_fire,train
Training/NoFire,nofire808.jpg,no_fire,train
Training/NoFire,nofire809.jpg,no_fire,train
Training/NoFire,nofire81.jpg,no_fire,train
Training/NoFire,nofire810.jpg,no_fire,train
Training/NoFire,nofire811.jpg,no_fire,train
Training/NoFire,nofire812.jpg,no_fire,train
Training/NoFire,nofire813.jpg,no_fire,val
Training/NoFire,nofire814.jpg,no_fire,train
Training/NoFire,nofire815.jpg,no_fire,train
Training/NoFire,nofire816.jpg,no_fire,train
Training/NoFire,nofire817.jpg,no_fire,train
Training/NoFire,nofire818.jpg,no_fire,train
Training/NoFire,nofire819.jpg,no_fire,val
Training/NoFire,nofire82.jpg,no_fire,train
Training/NoFire,nofire820.jpg,no_fire,val
Training/NoFire,nofire821.jpg,no_fire,val
Training/NoFire,nofire822.jpg,no_fire,train
Training/NoFire,nofire823.jpg,no_fire,train
Training/NoFire,nofire824.jpg,no_fire,train
Training/NoFire,nofire825.jpg,no_fire,val
Training/NoFire,nofire826.jpg,no_fire,train
Training/NoFire,nofire827.jpg,no_fire,val
Training/NoFire,nofire828.jpg,no_fire,train
Training/NoFire,nofire829.jpg,no_fire,train
Training/NoFire,nofire83.jpg,no_fire,train
Training/NoFire,nofire830.jpg,no_fire,train
Training/NoFire,nofire831.jpg,no_fire,val
Training/NoFire,nofire832.jpg,no_fire,train
Training/NoFire,nofire833.jpg,no_fire,val
Training/NoFire,nofire834.jpg,no_fire,train
Training/NoFire,nofire835.jpg,no_fire,train
Training/NoFire,nofire836.jpg,no_fire,train
Training/NoFire,nofire837.jpg,no_fire,train
Training/NoFire,nofire838.jpg,no_fire,val
Training/NoFire,nofire839.jpg,no_fire,val
Training/NoFire,nofire84.jpg,no_fire,train
Training/NoFire,nofire840.jpg,no_fire,val
Training/NoFire,nofire841.jpg,no_fire,train
Training/NoFire,nofire842.jpg,no_fire,train
Training/NoFire,nofire843.jpg,no_fire,train
Training/NoFire,nofire844.jpg,no_fire,val
Training/NoFire,nofire845.jpg,no_fire,train
Training/NoFire,nofire846.jpg,no_fire,val
Training/NoFire,nofire847.jpg,no_fire,train
Training/NoFire,nofire848.jpg,no_fire,train
Training/NoFire,nofire849.jpg,no_fire,val
Training/NoFire,nofire85.jpg,no_fire,train
Training/NoFire,nofire850.jpg,no_fire,train
Training/NoFire,nofire851.jpg,no_fire,train
Training/NoFire,nofire852.jpg,no_fire,train
Training/NoFire,nofire853.jpg,no_fire,train
Training/NoFire,nofire854.jpg,no_fire,train
Training/NoFire,nofire855.jpg,no_fire,train
Training/NoFire,nofire856.jpg,no_fire,train
Training/NoFire,nofire857.jpg,no_fire,val
Training/NoFire,nofire858.jpg,no_fire,train
Training/NoFire,nofire859.jpg,no_fire,train
Training/NoFire,nofire86.jpg,no_fire,train
Training/NoFire,nofire860.jpg,no_fire,train
Training/NoFire,nofire861.jpg,no_fire,train
Training/NoFire,nofire862.jpg,no_fire,train
Training/NoFire,nofire863.jpg,no_fire,train
Training/NoFire,nofire864.jpg,no_fire,val
Training/NoFire,nofire865.jpg,no_fire,train
Training/NoFire,nofire866.jpg,no_fire,train
Training/NoFire,nofire867.jpg,no_fire,train
Training/NoFire,nofire868.jpg,no_fire,train
Training/NoFire,nofire869.jpg,no_fire,train
Training/NoFire,nofire87.jpg,no_fire,train
Training/NoFire,nofire870.jpg,no_fire,train
Training/NoFire,nofire871.jpg,no_fire,train
Training/NoFire,nofire872.jpg,no_fire,train
Training/NoFire,nofire873.jpg,no_fire,train
Training/NoFire,nofire874.jpg,no_fire,val
Training/NoFire,nofire875.jpg,no_fire,val
Training/NoFire,nofire876.jpg,no_fire,train
Training/NoFire,nofire877.jpg,no_fire,train
Training/NoFire,nofire878.jpg,no_fire,train
Training/NoFire,nofire879.jpg,no_fire,train
Training/NoFire,nofire88.jpg,no_fire,train
Training/NoFire,nofire880.jpg,no_fire,val
Training/NoFire,nofire881.jpg,no_fire,train
Training/NoFire,nofire882.jpg,no_fire,train
Training/NoFire,nofire883.jpg,no_fire,train
Training/NoFire,nofire884.jpg,no_fire,train
Training/NoFire,nofire885.jpg,no_fire,val
Training/NoFire,nofire886.jpg,no_fire,val
Training/NoFire,nofire887.jpg,no_fire,val
Training/NoFire,nofire888.jpg,no_fire,train
Training/NoFire,nofire889.jpg,no_fire,val
Training/NoFire,nofire89.jpg,no_fire,train
Training/NoFire,nofire890.jpg,no_fire,train
Training/NoFire,nofire891.jpg,no_fire,train
Training/NoFire,nofire892.jpg,no_fire,train
Training/NoFire,nofire893.jpg,no_fire,train
Training/NoFire,nofire894.jpg,no_fire,train
Training/NoFire,nofire895.jpg,no_fire,val
Training/NoFire,nofire896.jpg,no_fire,val
Training/NoFire,nofire897.jpg,no_fire,val
Training/NoFire,nofire898.jpg,no_fire,train
Training/NoFire,nofire899.jpg,no_fire,train
Training/NoFire,nofire9.jpg,no_fire,train
Training/NoFire,nofire90.jpg,no_fire,train
Training/NoFire,nofire900.jpg,no_fire,train
Training/NoFire,nofire901.jpg,no_fire,val
Training/NoFire,nofire902.jpg,no_fire,val
Training/NoFire,nofire903.jpg,no_fire,train
Training/NoFire,nofire904.jpg,no_fire,train
Training/NoFire,nofire905.jpg,no_fire,train
Training/NoFire,nofire906.jpg,no_fire,val
Training/NoFire,nofire907.jpg,no_fire,train
Training/NoFire,nofire908.jpg,no_fire,train
Training/NoFire,nofire909.jpg,no_fire,val
Training/NoFire,nofire91.jpg,no_fire,train
Training/NoFire,nofire910.jpg,no_fire,train
Training/NoFire,nofire911.jpg,no_fire,train
Training/NoFire,nofire912.jpg,no_fire,train
Training/NoFire,nofire913.jpg,no_fire,train
Training/NoFire,nofire914.jpg,no_fire,val
Training/NoFire,nofire915.jpg,no_fire,train
Training/NoFire,nofire916.jpg,no_fire,val
Training/NoFire,nofire917.jpg,no_fire,train
Training/NoFire,nofire918.jpg,no_fire,train
Training/NoFire,nofire919.jpg,no_fire,val
Training/NoFire,nofire92.jpg,no_fire,val
Training/NoFire,nofire920.jpg,no_fire,train
Training/NoFire,nofire921.jpg,no_fire,val
Training/NoFire,nofire922.jpg,no_fire,val
Training/NoFire,nofire923.jpg,no_fire,train
Training/NoFire,nofire924.jpg,no_fire,train
Training/NoFire,nofire925.jpg,no_fire,train
Training/NoFire,nofire926.jpg,no_fire,val
Training/NoFire,nofire927.jpg,no_fire,val
Training/NoFire,nofire928.jpg,no_fire,val
Training/NoFire,nofire929.jpg,no_fire,train
Training/NoFire,nofire93.jpg,no_fire,train
Training/NoFire,nofire930.jpg,no_fire,train
Training/NoFire,nofire931.jpg,no_fire,val
Training/NoFire,nofire932.jpg,no_fire,train
Training/NoFire,nofire933.jpg,no_fire,train
Training/NoFire,nofire934.jpg,no_fire,val
Training/NoFire,nofire935.jpg,no_fire,train
Training/NoFire,nofire936.jpg,no_fire,val
Training/NoFire,nofire937.jpg,no_fire,val
Training/NoFire,nofire938.jpg,no_fire,train
Training/NoFire,nofire939.jpg,no_fire,train
Training/NoFire,nofire94.jpg,no_fire,val
Training/NoFire,nofire940.jpg,no_fire,train
Training/NoFire,nofire941.jpg,no_fire,train
Training/NoFire,nofire942.jpg,no_fire,train
Training/NoFire,nofire943.jpg,no_fire,train
Training/NoFire,nofire944.jpg,no_fire,train
Training/NoFire,nofire945.jpg,no_fire,val
Training/NoFire,nofire946.jpg,no_fire,val
Training/NoFire,nofire947.jpg,no_fire,val
Training/NoFire,nofire948.jpg,no_fire,val
Training/NoFire,nofire949.jpg,no_fire,train
Training/NoFire,nofire95.jpg,no_fire,val
Training/NoFire,nofire950.jpg,no_fire,train
Training/NoFire,nofire951.jpg,no_fire,train
Training/NoFire,nofire952.jpg,no_fire,train
Training/NoFire,nofire953.jpg,no_fire,train
Training/NoFire,nofire954.jpg,no_fire,train
Training/NoFire,nofire955.jpg,no_fire,train
Training/NoFire,nofire956.jpg,no_fire,train
Training/NoFire,nofire957.jpg,no_fire,train
Training/NoFire,nofire958.jpg,no_fire,train
Training/NoFire,nofire959.jpg,no_fire,train
Training/NoFire,nofire96.jpg,no_fire,train
Training/NoFire,nofire960.jpg,no_fire,val
Training/NoFire,nofire961.jpg,no_fire,train
Training/NoFire,nofire962.jpg,no_fire,val
Training/NoFire,nofire963.jpg,no_fire,val
Training/NoFire,nofire964.jpg,no_fire,val
Training/NoFire,nofire965.jpg,no_fire,train
Training/NoFire,nofire966.jpg,no_fire,train
Training/NoFire,nofire967.jpg,no_fire,train
Training/NoFire,nofire968.jpg,no_fire,val
Training/NoFire,nofire969.jpg,no_fire,train
Training/NoFire,nofire97.jpg,no_fire,val
Training/NoFire,nofire970.jpg,no_fire,train
Training/NoFire,nofire971.jpg,no_fire,val
Training/NoFire,nofire972.jpg,no_fire,train
Training/NoFire,nofire973.jpg,no_fire,train
Training/NoFire,nofire974.jpg,no_fire,val
Training/NoFire,nofire975.jpg,no_fire,train
Training/NoFire,nofire976.jpg,no_fire,train
Training/NoFire,nofire977.jpg,no_fire,train
Training/NoFire,nofire978.jpg,no_fire,val
Training/NoFire,nofire979.jpg,no_fire,val
Training/NoFire,nofire98.jpg,no_fire,train
Training/NoFire,nofire980.jpg,no_fire,train
Training/NoFire,nofire981.jpg,no_fire,train
Training/NoFire,nofire982.jpg,no_fire,val
Training/NoFire,nofire983.jpg,no_fire,train
Training/NoFire,nofire984.jpg,no_fire,train
Training/NoFire,nofire985.jpg,no_fire,train
Training/NoFire,nofire986.jpg,no_fire,val
Training/NoFire,nofire987.jpg,no_fire,val
Training/NoFire,nofire988.jpg,no_fire,train
Training/NoFire,nofire989.jpg,no_fire,val
Training/NoFire,nofire99.jpg,no_fire,val
Training/NoFire,nofire990.jpg,no_fire,train
Training/NoFire,nofire991.jpg,no_fire,val
Training/NoFire,nofire992.jpg,no_fire,val
Training/NoFire,nofire993.jpg,no_fire,train
Training/NoFire,nofire994.jpg,no_fire,train
Training/NoFire,nofire995.jpg,no_fire,val
Training/NoFire,nofire996.jpg,no_fire,val
Training/NoFire,nofire997.jpg,no_fire,train
Training/NoFire,nofire998.jpg,no_fire,train
Training/NoFire,nofire999.jpg,no_fire,train
